year,region_code,region,region_full,admission_weight,age_0,age_1,age_2,age_3,age_4,age_5,age_6,age_7,age_8,age_9,age_10,age_11,age_12,age_13,age_14,age_15,age_16,age_17,age_18,age_19,age_20,uploaded_at
2025,0000000000,전국,전국,1.15,252212,243765,235297,255233,267994,280450,310444,334444,365325,414059,445457,441512,442131,490313,476544,473708,447924,468145,494672,447937,434325,2026-08-14T00:04:44.056Z
2025,1100000000,서울,서울특별시,1.42,43645,39703,37268,39955,42056,43053,47447,50486,54961,62088,66913,66610,67029,74629,71635,72718,69117,73390,78039,77791,79530,2026-08-14T00:04:44.056Z
2025,2600000000,부산,부산광역시,1.15,13847,13459,13165,14491,15232,15781,17738,19697,21793,24694,26812,26361,25924,28595,27509,26910,24507,25774,27256,25169,25259,2026-08-14T00:04:44.056Z
2025,2700000000,대구,대구광역시,1.22,10781,10674,10089,11127,11857,12507,14614,15657,17292,19716,20761,20678,20447,22726,21876,21594,20064,21303,22847,20610,20607,2026-08-14T00:04:44.056Z
2025,2800000000,인천,인천광역시,1.04,16840,16519,15612,16786,17220,18113,19850,20940,22230,25163,27059,26511,26567,29174,28792,28158,26658,27387,29405,26257,25380,2026-08-14T00:04:44.056Z
2025,2900000000,광주,광주광역시,1.12,6487,6358,6484,7294,7996,8249,9438,10204,11040,12606,13386,13555,13645,15176,14673,14903,14094,14645,15822,14123,13792,2026-08-14T00:04:44.056Z
2025,3000000000,대전,대전광역시,1.12,7714,7452,7310,7743,7896,7977,8814,9458,10616,11796,12804,12666,12873,13928,13882,13690,12982,13731,14787,14404,14189,2026-08-14T00:04:44.056Z
2025,3100000000,울산,울산광역시,0.97,5508,5276,5010,5417,6035,6394,7157,7811,8726,10136,10875,10868,10747,11860,11276,11236,10600,11005,11663,9564,8926,2026-08-14T00:04:44.056Z
2025,3600000000,세종,세종특별자치시,1.02,2915,2897,2873,3318,3664,3735,4191,4597,4991,5499,5893,5622,5537,6020,5710,5599,5193,5285,5058,4226,3695,2026-08-14T00:04:44.056Z
2025,4100000000,경기,경기도,1.2,76695,74954,72238,79104,81420,84563,92752,99227,107347,121665,130311,128562,127214,141042,136585,135584,127937,133655,139691,125920,118667,2026-08-14T00:04:44.056Z
2025,5100000000,강원,강원특별자치도,0.96,6654,6774,6698,7291,7461,7945,8487,8868,9649,10846,11599,11419,11626,13065,12912,12937,12586,12881,14041,12285,12389,2026-08-14T00:04:44.056Z
2025,4300000000,충북,충청북도,0.98,8226,7790,7762,7833,8490,8778,9448,10679,11426,12824,13528,13377,13689,15107,14834,14906,14018,14506,15485,13792,13483,2026-08-14T00:04:44.056Z
2025,4400000000,충남,충청남도,0.97,10141,10047,9764,10702,11453,12417,13511,14483,16044,17918,19440,19097,19550,21657,21051,20964,19848,20627,21459,18980,18257,2026-08-14T00:04:44.056Z
2025,5200000000,전북,전북특별자치도,1.05,6981,6878,6773,7269,7788,8429,9301,10237,11487,12915,14338,14562,14927,16584,16644,16678,15901,16748,17743,15534,15316,2026-08-14T00:04:44.056Z
2025,4600000000,전남,전라남도,0.95,8539,8177,7681,8120,8513,9120,10033,10551,11577,13297,14340,14242,14809,16657,16469,16203,15414,15933,17037,14618,13678,2026-08-14T00:04:44.056Z
2025,4700000000,경북,경상북도,0.97,10279,10231,9854,10825,11447,12299,13489,15008,16445,18940,20499,20204,20595,22807,22248,21823,21463,22093,23085,20322,19524,2026-08-14T00:04:44.056Z
2025,4800000000,경남,경상남도,0.97,13691,13382,13417,14263,15510,16879,19263,21223,23834,27455,29939,30186,30054,33645,33102,32628,30750,32278,33986,28063,25849,2026-08-14T00:04:44.056Z
2025,5000000000,제주,제주특별자치도,1,3269,3194,3299,3695,3956,4211,4911,5318,5867,6501,6960,6992,6898,7641,7346,7177,6792,6904,7268,6279,5784,2026-08-14T00:04:44.056Z
2024,0000000000,전국,전국,1.15,235337,234405,254654,267456,279924,309988,334145,365050,413851,445308,441402,442088,490336,476596,473881,448184,468559,495166,448543,434510,471844,2026-08-14T00:04:44.056Z
2024,1100000000,서울,서울특별시,1.42,39588,37696,40295,42163,43155,47146,50295,54899,61875,66668,66426,66625,74642,71709,72634,69493,73553,77999,72242,75444,87480,2026-08-14T00:04:44.056Z
2024,2600000000,부산,부산광역시,1.15,12847,13063,14374,15137,15715,17651,19674,21789,24711,26775,26331,25902,28647,27562,27048,24706,25822,27291,24612,24931,27588,2026-08-14T00:04:44.056Z
2024,2700000000,대구,대구광역시,1.22,10090,9894,10908,11675,12307,14297,15557,17208,19612,20680,20619,20312,22710,21843,21569,20177,21212,22830,20661,20505,22068,2026-08-14T00:04:44.056Z
2024,2800000000,인천,인천광역시,1.04,15433,15014,16369,16845,17730,19526,20660,21926,24927,26766,26262,26299,28903,28645,27991,26465,27282,29269,26014,25446,27046,2026-08-14T00:04:44.056Z
2024,2900000000,광주,광주광역시,1.12,6020,6424,7375,8034,8237,9288,10232,11108,12659,13460,13595,13741,15241,14679,14983,14254,14668,15923,14465,13869,15024,2026-08-14T00:04:44.056Z
2024,3000000000,대전,대전광역시,1.12,7226,7336,7880,7897,7915,8759,9434,10584,11737,12745,12593,12822,13878,13866,13656,13036,13768,14763,13593,13638,15324,2026-08-14T00:04:44.056Z
2024,3100000000,울산,울산광역시,0.97,5182,5009,5404,6060,6431,7252,7864,8764,10186,10945,10932,10802,11887,11291,11265,10701,11040,11716,10306,9430,9594,2026-08-14T00:04:44.056Z
2024,3600000000,세종,세종특별자치시,1.02,2822,2818,3212,3677,3718,4164,4556,4975,5524,5885,5616,5541,6032,5681,5644,5219,5305,5122,4530,3849,3806,2026-08-14T00:04:44.056Z
2024,4100000000,경기,경기도,1.2,71451,71843,78718,81246,84418,92883,99497,107559,121792,130581,128699,127591,141193,136635,135850,128052,133625,139701,126815,120146,129435,2026-08-14T00:04:44.056Z
2024,5100000000,강원,강원특별자치도,0.96,6521,6800,7360,7535,8016,8670,8841,9599,10834,11593,11470,11675,13171,12938,12972,12410,12877,14041,12559,12524,13528,2026-08-14T00:04:44.056Z
2024,4300000000,충북,충청북도,0.98,7508,7706,7728,8418,8750,9396,10676,11375,12770,13510,13360,13689,15045,14815,14888,14032,14491,15454,13802,13420,14491,2026-08-14T00:04:44.056Z
2024,4400000000,충남,충청남도,0.97,9740,9699,10727,11467,12377,13550,14455,16001,17890,19410,19116,19442,21493,21017,20866,19883,20598,21503,19514,18355,19512,2026-08-14T00:04:44.056Z
2024,5200000000,전북,전북특별자치도,1.05,6676,6735,7237,7736,8429,9284,10236,11469,12929,14350,14562,14867,16672,16634,16667,15844,16736,17775,16120,15493,16363,2026-08-14T00:04:44.056Z
2024,4600000000,전남,전라남도,0.95,8084,7727,8067,8534,9116,10209,10479,11538,13291,14323,14247,14815,16662,16498,16208,15313,15966,17030,15464,14235,15222,2026-08-14T00:04:44.056Z
2024,4700000000,경북,경상북도,0.97,10083,10031,11060,11572,12441,13752,15128,16500,19073,20618,20321,20817,22767,22302,21740,20938,22334,23277,21061,20196,20813,2026-08-14T00:04:44.056Z
2024,4800000000,경남,경상남도,0.97,12941,13347,14258,15520,16928,19291,21306,23887,27496,30033,30251,30168,33660,33112,32641,30797,32331,34139,30025,27018,28309,2026-08-14T00:04:44.056Z
2024,5000000000,제주,제주특별자치도,1,3125,3263,3682,3940,4241,4870,5255,5869,6545,6966,7002,6980,7733,7369,7259,6864,6951,7333,6760,6011,6241,2026-08-14T00:04:44.056Z
2023,0000000000,전국,전국,1.15,225958,253595,266619,279134,309282,333705,364740,413535,445099,441225,441952,490229,476570,473894,448324,468773,495547,449025,435025,472121,491415,2026-08-14T00:04:44.056Z
2023,1100000000,서울,서울특별시,1.42,37771,41087,43013,43637,47506,50291,55100,62036,66691,66430,66672,74287,71911,72773,69371,73898,78204,72331,70353,83411,90143,2026-08-14T00:04:44.056Z
2023,2600000000,부산,부산광역시,1.15,12620,14371,15046,15703,17620,19562,21787,24689,26730,26275,25885,28593,27617,27042,24792,26014,27317,24633,24362,27084,29044,2026-08-14T00:04:44.056Z
2023,2700000000,대구,대구광역시,1.22,9288,10675,11476,12056,14092,15212,17059,19530,20557,20458,20203,22532,21803,21565,20200,21384,22801,20689,20740,22204,24199,2026-08-14T00:04:44.056Z
2023,2800000000,인천,인천광역시,1.04,13892,15920,16423,17286,19232,20398,21797,24729,26574,26078,26100,28713,28470,27870,26350,27176,29194,25915,25270,27021,28469,2026-08-14T00:04:44.056Z
2023,2900000000,광주,광주광역시,1.12,6065,7459,8038,8120,9234,10017,11144,12673,13453,13576,13742,15278,14692,15002,14311,14807,15962,14503,14123,15105,16292,2026-08-14T00:04:44.056Z
2023,3000000000,대전,대전광역시,1.12,7161,7920,7984,7917,8749,9354,10571,11752,12745,12574,12853,13893,13872,13640,13085,13918,14798,13615,13187,14975,15580,2026-08-14T00:04:44.056Z
2023,3100000000,울산,울산광역시,0.97,4959,5392,6090,6450,7252,7898,8836,10238,10987,10984,10863,11936,11361,11289,10723,11135,11752,10343,10015,10045,10175,2026-08-14T00:04:44.056Z
2023,3600000000,세종,세종특별자치시,1.02,2639,3184,3612,3664,4124,4504,4939,5465,5842,5568,5499,5992,5593,5610,5204,5297,5100,4521,4030,3890,3718,2026-08-14T00:04:44.056Z
2023,4100000000,경기,경기도,1.2,68030,77729,80214,83766,92309,99339,107355,121609,130466,128733,127485,141419,136489,135750,128248,133672,139563,126683,120669,130653,133536,2026-08-14T00:04:44.056Z
2023,5100000000,강원,강원특별자치도,0.96,6637,7442,7592,8135,8740,8897,9546,10832,11599,11452,11675,13211,12980,12992,12480,12755,14059,12644,12744,13513,14061,2026-08-14T00:04:44.056Z
2023,4300000000,충북,충청북도,0.98,7487,7638,8380,8741,9331,10693,11335,12803,13547,13378,13720,15100,14840,14882,13997,14500,15477,13778,13519,14633,14804,2026-08-14T00:04:44.056Z
2023,4400000000,충남,충청남도,0.97,9312,10541,11393,12336,13531,14526,15932,17826,19320,19054,19357,21386,20932,20797,19741,20564,21465,19560,18589,19666,19809,2026-08-14T00:04:44.056Z
2023,4500000000,전북,전라북도,1.05,6478,7165,7677,8390,9239,10278,11487,12918,14359,14491,14856,16616,16681,16708,15830,16664,17820,16213,16116,16800,17375,2026-08-14T00:04:44.056Z
2023,4600000000,전남,전라남도,0.95,7663,7997,8542,9237,10254,10704,11496,13229,14300,14304,14830,16702,16511,16233,15324,15857,17080,15530,15052,15814,16093,2026-08-14T00:04:44.056Z
2023,4700000000,경북,경상북도,0.97,9967,11247,11752,12603,13950,15422,16593,19167,20759,20466,20965,22987,22291,21729,20953,21840,23374,21151,20833,21188,22028,2026-08-14T00:04:44.056Z
2023,4800000000,경남,경상남도,0.97,12805,14184,15477,16889,19275,21374,23952,27506,30150,30387,30232,33767,33088,32687,30801,32308,34211,30156,28998,29699,29460,2026-08-14T00:04:44.056Z
2023,5000000000,제주,제주특별자치도,1,3184,3644,3910,4204,4844,5236,5811,6533,7020,7017,7015,7817,7439,7325,6914,6984,7370,6760,6425,6420,6629,2026-08-14T00:04:44.056Z
2022,0000000000,전국,전국,1.15,244250,264788,277529,307975,333048,364198,413162,444843,441044,441805,490147,476573,473924,448369,468939,495811,449473,435582,472622,491756,492919,2026-08-14T00:04:44.056Z
2022,1100000000,서울,서울특별시,1.42,40742,43950,44177,48120,50630,55088,62376,66960,66454,66820,74250,71693,73139,69481,73939,78832,72618,70496,78443,86227,88938,2026-08-14T00:04:44.056Z
2022,2600000000,부산,부산광역시,1.15,13792,14862,15580,17495,19543,21678,24621,26654,26284,25868,28577,27619,27072,24848,26096,27455,24694,24296,26619,28658,28925,2026-08-14T00:04:44.056Z
2022,2700000000,대구,대구광역시,1.22,9994,11014,11667,13672,14875,16661,19272,20328,20244,20003,22295,21596,21477,20077,21272,22832,20608,20651,22293,24431,23387,2026-08-14T00:04:44.056Z
2022,2800000000,인천,인천광역시,1.04,14617,15716,16671,18560,19985,21355,24242,26212,25777,25807,28346,28211,27564,26188,27018,29056,25823,25104,27024,28406,28010,2026-08-14T00:04:44.056Z
2022,2900000000,광주,광주광역시,1.12,7333,8099,7980,9120,9967,10974,12717,13470,13566,13751,15298,14709,15013,14325,14828,16112,14540,14157,15427,16448,16235,2026-08-14T00:04:44.056Z
2022,3000000000,대전,대전광역시,1.12,7651,7924,7922,8752,9364,10555,11861,12762,12604,12838,13924,13852,13689,13148,13938,14916,13640,13212,14747,15222,15481,2026-08-14T00:04:44.056Z
2022,3100000000,울산,울산광역시,0.97,5275,6071,6433,7279,7907,8892,10262,11043,11010,10889,11960,11389,11369,10739,11142,11836,10367,10094,10694,10612,10139,2026-08-14T00:04:44.056Z
2022,3600000000,세종,세종특별자치시,1.02,3100,3611,3655,4114,4484,4889,5383,5769,5510,5436,5955,5591,5518,5203,5290,5044,4516,4022,4065,3798,3460,2026-08-14T00:04:44.056Z
2022,4100000000,경기,경기도,1.2,74114,79007,82889,91427,98890,107169,121360,130212,128532,127354,141467,136623,135444,128174,133764,139406,126558,120514,130552,135224,133781,2026-08-14T00:04:44.056Z
2022,4200000000,강원,강원도,0.96,7240,7610,8222,8789,8899,9611,10843,11603,11495,11724,13281,13048,13041,12517,12802,13987,12714,12867,13840,14036,14788,2026-08-14T00:04:44.056Z
2022,4300000000,충북,충청북도,0.98,7337,8312,8689,9355,10697,11414,12844,13602,13443,13717,15129,14859,14879,13981,14488,15490,13808,13569,14710,14969,15208,2026-08-14T00:04:44.056Z
2022,4400000000,충남,충청남도,0.97,10106,11191,12188,13386,14440,15899,17762,19244,18993,19289,21342,20863,20742,19677,20463,21377,19521,18606,19915,19793,19796,2026-08-14T00:04:44.056Z
2022,4500000000,전북,전라북도,1.05,6912,7584,8302,9190,10220,11491,12900,14390,14557,14854,16622,16658,16713,15855,16609,17765,16258,16211,17361,17489,18050,2026-08-14T00:04:44.056Z
2022,4600000000,전남,전라남도,0.95,7713,8492,9299,10342,10770,11689,13139,14278,14292,14875,16711,16572,16334,15341,15918,16977,15531,15105,16523,16554,16784,2026-08-14T00:04:44.056Z
2022,4700000000,경북,경상북도,0.97,11097,11985,12838,14248,15681,17028,19423,20966,20693,21160,23240,22553,21796,21059,21944,23083,21299,21044,22104,22457,22740,2026-08-14T00:04:44.056Z
2022,4800000000,경남,경상남도,0.97,13704,15534,16885,19332,21504,24076,27690,30318,30542,30357,33911,33200,32777,30828,32410,34225,30206,29170,31557,30640,30533,2026-08-14T00:04:44.056Z
2022,5000000000,제주,제주특별자치도,1,3523,3826,4132,4794,5192,5729,6467,7032,7048,7063,7839,7537,7357,6928,7018,7418,6772,6464,6748,6792,6664,2026-08-14T00:04:44.056Z
2021,0000000000,전국,전국,1.15,253946,274633,306120,332157,363613,412739,444555,440866,441672,490049,476536,473997,448481,469101,496081,449838,436095,473465,492266,493456,557948,2026-08-14T00:04:44.056Z
2021,1100000000,서울,서울특별시,1.42,43410,44904,48900,51445,55879,62987,67581,66923,67174,74480,71911,72979,69798,74226,78965,73101,70668,78485,81354,84649,97483,2026-08-14T00:04:44.056Z
2021,2600000000,부산,부산광역시,1.15,14112,15294,17336,19420,21616,24566,26603,26226,25835,28603,27599,27111,24871,26161,27555,24838,24286,26663,28360,28661,33193,2026-08-14T00:04:44.056Z
2021,2700000000,대구,대구광역시,1.22,10408,11371,13434,14643,16501,18951,20216,20167,19913,22219,21519,21346,20107,21236,22879,20761,20698,22377,24289,23325,27070,2026-08-14T00:04:44.056Z
2021,2800000000,인천,인천광역시,1.04,14603,15994,17905,19411,20841,23768,25827,25431,25493,28111,27930,27301,26050,26885,28850,25742,25102,26862,28418,27991,31633,2026-08-14T00:04:44.056Z
2021,2900000000,광주,광주광역시,1.12,7819,7798,8976,9872,10884,12545,13547,13561,13749,15314,14742,14999,14335,14832,16113,14652,14160,15486,16750,16335,18766,2026-08-14T00:04:44.056Z
2021,3000000000,대전,대전광역시,1.12,7342,7668,8640,9301,10520,11841,12805,12636,12857,13938,13911,13707,13212,13937,14928,13743,13267,14817,15267,15386,17562,2026-08-14T00:04:44.056Z
2021,3100000000,울산,울산광역시,0.97,5926,6415,7310,7939,8934,10345,11101,11062,10936,12050,11437,11408,10804,11172,11864,10419,10115,10730,11392,10649,12249,2026-08-14T00:04:44.056Z
2021,3600000000,세종,세종특별자치시,1.02,3445,3526,3952,4345,4730,5209,5539,5285,5273,5759,5443,5379,5025,5189,4956,4449,3982,4027,3849,3495,3461,2026-08-14T00:04:44.056Z
2021,4100000000,경기,경기도,1.2,74799,81421,90332,98341,106691,121200,130040,128487,127196,141420,136569,135664,128002,133666,139569,126680,120411,130583,134592,135269,150826,2026-08-14T00:04:44.056Z
2021,4200000000,강원,강원도,0.96,7258,8081,8683,8832,9517,10782,11523,11401,11703,13191,13063,13072,12496,12846,13918,12554,12916,13884,14259,14877,16516,2026-08-14T00:04:44.056Z
2021,4300000000,충북,충청북도,0.98,8030,8730,9352,10745,11395,12848,13551,13438,13728,15158,14851,14934,14031,14521,15493,13847,13622,14793,15076,15243,17197,2026-08-14T00:04:44.056Z
2021,4400000000,충남,충청남도,0.97,10759,12061,13317,14392,15865,17707,19131,18950,19282,21262,20817,20648,19635,20420,21326,19430,18561,19897,20082,19857,22402,2026-08-14T00:04:44.056Z
2021,4500000000,전북,전라북도,1.05,7296,8197,9143,10147,11469,12917,14435,14550,14899,16620,16670,16775,15859,16606,17780,16112,16253,17462,18186,18425,20627,2026-08-14T00:04:44.056Z
2021,4600000000,전남,전라남도,0.95,8242,9418,10423,10781,11699,13208,14159,14246,14858,16678,16530,16347,15375,15947,17065,15480,15150,16608,17335,17311,19444,2026-08-14T00:04:44.056Z
2021,4700000000,경북,경상북도,0.97,11755,12910,14369,15876,17224,19725,21185,20835,21282,23354,22697,21995,21014,22008,23130,20981,21170,22276,23419,23274,26498,2026-08-14T00:04:44.056Z
2021,4800000000,경남,경상남도,0.97,15087,16812,19376,21601,24228,27823,30492,30703,30492,34055,33348,32946,30880,32417,34243,30215,29259,31736,32485,31932,35480,2026-08-14T00:04:44.056Z
2021,5000000000,제주,제주특별자치도,1,3655,4033,4672,5066,5620,6317,6820,6965,7002,7837,7499,7386,6987,7032,7447,6834,6475,6779,7153,6777,7541,2026-08-14T00:04:44.056Z
2020,0000000000,전국,전국,1.15,265087,304651,331606,363250,412429,444367,440710,441560,489936,476474,473919,448450,469087,496175,449958,436320,473931,493036,494044,558416,638108,2026-08-14T00:04:44.056Z
2020,1100000000,서울,서울특별시,1.42,45165,50482,53099,57331,64404,68808,68085,68257,75438,72676,73776,70062,74955,79461,73398,71470,79105,81820,82413,95406,114046,2026-08-14T00:04:44.056Z
2020,2600000000,부산,부산광역시,1.15,14785,17149,19312,21565,24563,26588,26220,25895,28642,27637,27143,24917,26210,27637,24901,24453,26732,28427,28586,33008,38289,2026-08-14T00:04:44.056Z
2020,2700000000,대구,대구광역시,1.22,10935,13326,14626,16445,18868,20143,20147,19952,22240,21544,21397,20137,21314,22949,20835,20941,22490,24448,23928,27459,31297,2026-08-14T00:04:44.056Z
2020,2800000000,인천,인천광역시,1.04,15253,17615,19126,20685,23641,25731,25361,25436,28005,27781,27197,25999,26790,28761,25756,25061,26830,28306,27896,31566,35624,2026-08-14T00:04:44.056Z
2020,2900000000,광주,광주광역시,1.12,7147,8656,9663,10801,12503,13394,13631,13760,15364,14773,15024,14337,14889,16160,14696,14272,15517,16794,16609,18846,21552,2026-08-14T00:04:44.056Z
2020,3000000000,대전,대전광역시,1.12,7303,8488,9347,10596,11950,12950,12755,12990,14099,14051,13811,13257,14067,15014,13771,13429,14874,15430,15375,17408,19826,2026-08-14T00:04:44.056Z
2020,3100000000,울산,울산광역시,0.97,6375,7398,8022,9069,10471,11231,11203,11034,12165,11538,11491,10863,11255,11905,10463,10214,10784,11469,11260,12716,14270,2026-08-14T00:04:44.056Z
2020,3600000000,세종,세종특별자치시,1.02,3344,3807,4174,4566,5010,5307,5109,5123,5567,5276,5208,4903,5013,4848,4347,3881,3985,3746,3406,3340,3630,2026-08-14T00:04:44.056Z
2020,4100000000,경기,경기도,1.2,76810,88101,96802,105278,119777,128940,127560,126241,140538,135937,134861,127586,133064,139128,126339,119870,130058,134067,133149,150092,170114,2026-08-14T00:04:44.056Z
2020,4200000000,강원,강원도,0.96,7736,8636,8752,9396,10689,11374,11283,11603,13114,13015,13061,12514,12854,13918,12529,12787,13884,14391,15028,16542,18989,2026-08-14T00:04:44.056Z
2020,4300000000,충북,충청북도,0.98,8399,9382,10742,11439,12815,13562,13403,13663,15143,14823,14962,14049,14495,15518,13900,13585,14799,15113,15544,17414,19487,2026-08-14T00:04:44.056Z
2020,4400000000,충남,충청남도,0.97,11733,13382,14425,15791,17742,19205,18957,19291,21299,20803,20601,19588,20301,21308,19378,18576,19905,20094,20150,22647,25164,2026-08-14T00:04:44.056Z
2020,4500000000,전북,전라북도,1.05,7947,9047,10130,11469,12905,14398,14538,14935,16608,16715,16771,15823,16643,17756,16144,16197,17469,18279,18921,20960,23331,2026-08-14T00:04:44.056Z
2020,4600000000,전남,전라남도,0.95,9445,10725,10884,11764,13216,14266,14124,14758,16584,16436,16305,15384,15913,17059,15468,15065,16642,17432,18008,20032,22574,2026-08-14T00:04:44.056Z
2020,4700000000,경북,경상북도,0.97,12555,14495,15853,17312,19846,21326,20855,21259,23345,22715,22020,21088,21902,23130,20964,20755,22267,23417,23671,26710,30507,2026-08-14T00:04:44.056Z
2020,4800000000,경남,경상남도,0.97,16327,19365,21667,24279,27882,30544,30731,30531,34073,33367,32987,30978,32433,34211,30247,29255,31796,32638,33109,36560,40643,2026-08-14T00:04:44.056Z
2020,5000000000,제주,제주특별자치도,1,3828,4597,4982,5464,6147,6600,6748,6832,7712,7387,7304,6965,6989,7412,6822,6509,6794,7165,6991,7710,8765,2026-08-14T00:04:44.056Z
