school_code_std,road_address,lot_address,lng,lat,sido,sigungu,geocoded_at
0000001,강원특별자치도 강릉시 죽헌길 7 (지변동),강원특별자치도 강릉시 지변동 123,128.8679799445353,37.77220807160427,강원특별자치도,강릉시,2026-08-01T20:12:06.629Z
0000002,강원특별자치도 원주시 흥업면 남원로 150,강원특별자치도 원주시 흥업면 흥업리 7,127.92192830954434,37.30457526234364,강원특별자치도,원주시,2026-08-01T20:12:06.629Z
0000003,강원특별자치도 춘천시 강원대학길 1 (효자동),강원특별자치도 춘천시 효자동 210-1,127.73969115080553,37.86664362691363,강원특별자치도,춘천시,2026-08-01T20:12:06.629Z
0000004,강원특별자치도 삼척시 중앙로 346 (교동),강원특별자치도 삼척시 교동 777,129.1609703952505,37.45455364998775,강원특별자치도,삼척시,2026-08-01T20:12:06.629Z
0000005,"대구광역시 북구 대학로 80 (산격동, 경북대학교)",대구광역시 북구 대현동 25,128.60771577707115,35.88772022408881,대구광역시,북구,2026-08-01T20:12:06.629Z
0000007,경상남도 진주시 진주대로 501 (가좌동),경상남도 진주시 가좌동 879,128.0954225134876,35.153847368166495,경상남도,진주시,2026-08-01T20:12:16.527Z
0000008,"충청남도 공주시 공주대학로 56 (신관동, 공주대학교)",충청남도 공주시 신관동 182,127.14256658598825,36.47135044003209,충청남도,공주시,2026-08-01T20:12:16.527Z
0000009,"전라북도 군산시 대학로 558 (미룡동, 군산대학교)",전북특별자치도 군산시 미룡동 290-2,126.68141359547279,35.948610072213754,전라북도,군산시,2026-08-01T20:12:16.527Z
0000010,"경상북도 구미시 대학로 61 (양호동, 금오공과대학교)",경상북도 구미시 거의동 468,128.39096267610762,36.14725422946561,경상북도,구미시,2026-08-01T20:12:16.527Z
0000011,"전남광주통합특별시 무안군 청계면 영산로 1666 (도림리, 목포대학교)",전남광주통합특별시 무안군 청계면 도림리 357-1,126.43298245864659,34.905790692311044,전남광주통합특별시,무안군,2026-08-01T20:12:16.527Z
0000012,"전남광주통합특별시 목포시 해양대학로 91 (죽교동, 목포해양대학교)",전남광주통합특별시 목포시 죽교동 571,126.36588781389867,34.790774550009274,전남광주통합특별시,목포시,2026-08-01T20:12:16.527Z
0000013,"부산광역시 남구 용소로 45 (대연동, 부경대학교대연캠퍼스)",부산광역시 남구 대연동 599-1,129.10461227243076,35.131617065487546,부산광역시,남구,2026-08-01T20:12:16.527Z
0000014,"부산광역시 금정구 부산대학로63번길 2 (장전동, 부산대학교)",부산광역시 금정구 장전동 40,129.08373028852156,35.23026863597215,부산광역시,금정구,2026-08-01T20:12:16.527Z
0000019,"서울특별시 관악구 관악로 1 (신림동, 서울대학교)",서울특별시 관악구 봉천동 244-2,126.95702545884443,37.468557417069945,서울특별시,관악구,2026-08-01T20:12:16.527Z
0000020,전남광주통합특별시 순천시 중앙로 255 (석현동),전남광주통합특별시 순천시 석현동 313,127.48207515841695,34.96938417673307,전남광주통합특별시,순천시,2026-08-01T20:12:16.527Z
0000021,"경상북도 안동시 경동로 1375 (송천동, 안동대학교)",경상북도 안동시 송천동 388,128.80005005962698,36.54007148980617,경상북도,안동시,2026-08-01T20:12:16.527Z
0000023,전남광주통합특별시 북구 용봉로 77 (용봉동),전남광주통합특별시 북구 용봉동 300,126.91092009095902,35.18080143899947,전남광주통합특별시,북구,2026-08-01T20:12:16.527Z
0000024,"전남광주통합특별시 여수시 대학로 50 (둔덕동, 전남대학교여수캠퍼스)",전남광주통합특별시 여수시 둔덕동 산 96-1,127.69701646351936,34.77511245799433,전남광주통합특별시,여수시,2026-08-01T20:12:16.527Z
0000025,"전라북도 전주시 덕진구 백제대로 567 (금암동, 전북대학교)",전북특별자치도 전주시 덕진구 덕진동1가 664-14,127.12851749764269,35.84631373088983,전라북도,전주시,2026-08-01T20:12:16.527Z
0000027,"제주특별자치도 제주시 제주대학로 102 (아라일동, 제주대학교)",제주특별자치도 제주시 아라일동 1,126.56196914244602,33.455833798132986,제주특별자치도,제주시,2026-08-01T20:12:16.527Z
0000028,"경상남도 창원시 의창구 창원대학로 20 (사림동, 창원대학교)",경상남도 창원시 의창구 퇴촌동 256,128.69095214713477,35.24756258541615,경상남도,창원시,2026-08-01T20:12:16.527Z
0000029,"대전광역시 유성구 대학로 99 (궁동, 충남대학교)",대전광역시 유성구 궁동 220,127.34648423837936,36.36579703809197,대전광역시,유성구,2026-08-01T20:12:16.527Z
0000030,"충청북도 청주시 서원구 충대로 1 (개신동, 충북대학교)",충청북도 청주시 서원구 개신동 12,127.45934061503979,36.62818573805973,충청북도,청주시,2026-08-01T20:12:16.527Z
0000031,"충청북도 청주시 흥덕구 강내면 태성탑연로 250 (다락리, 한국교원대학교)",충청북도 청주시 흥덕구 강내면 월탄리 6,127.35858397915685,36.607608253616306,충청북도,청주시,2026-08-01T20:12:16.527Z
0000032,"서울특별시 송파구 양재대로 1239 (방이동, 한국체육대학교)",서울특별시 송파구 방이동 88-15,127.12971904255238,37.51848826937996,서울특별시,송파구,2026-08-01T20:12:16.527Z
0000033,"부산광역시 영도구 태종로 727 (동삼동, 한국해양대학교)",부산광역시 영도구 동삼동 1,129.08861897120516,35.077398968745115,부산광역시,영도구,2026-08-01T20:12:16.527Z
0000034,"충청북도 충주시 대소원면 대학로 50 (검단리, 한국교통대학교)",충청북도 충주시 대소원면 검단리 123,127.87192998710968,36.97229107883058,충청북도,충주시,2026-08-01T20:12:16.527Z
0000035,"경상남도 진주시 동진로 33 (칠암동, 경남과학기술대학교)",경상남도 진주시 칠암동 150-1,128.0930351729468,35.179792055740435,경상남도,진주시,2026-08-01T20:12:16.527Z
0000036,"서울특별시 노원구 공릉로 232 (공릉동, 서울과학기술대학교)",서울특별시 노원구 공릉동 172,127.08030555019381,37.63475304214013,서울특별시,노원구,2026-08-01T20:12:16.527Z
0000037,"경기도 안성시 중앙로 327 (석정동, 한경대학교)",경기도 안성시 석정동 336,127.26582798433265,37.01173860274237,경기도,안성시,2026-08-01T20:12:16.527Z
0000039,"대전광역시 유성구 동서대로 125 (덕명동, 한밭대학교)",대전광역시 유성구 덕명동 16-1,127.29995061029467,36.35052998435395,대전광역시,유성구,2026-08-01T20:12:16.527Z
0000040,"서울특별시 동대문구 서울시립대로 163 (전농동, 서울시립대학교)",서울특별시 동대문구 전농동 694,127.05921030945518,37.58252264016921,서울특별시,동대문구,2026-08-01T20:12:16.527Z
0000046,"경기도 부천시 원미구 지봉로 43 (역곡동, 가톨릭대학교성심교정)",경기도 부천시 원미구 소사동 산 3-1,126.79856721418524,37.48748504209048,경기도,부천시,2026-08-01T20:12:16.527Z
0000048,"서울특별시 서초구 반포대로 222 (반포동, 가톨릭대학교성의교정)",서울특별시 서초구 반포동 산 38-2,127.00608551590216,37.4998583152411,서울특별시,서초구,2026-08-01T20:12:16.527Z
0000049,"서울특별시 종로구 창경궁로 296-12 (혜화동, 가톨릭대학교성신교정)",서울특별시 종로구 혜화동 산 1-2,127.00589277952778,37.585798328955846,서울특별시,종로구,2026-08-01T20:12:16.527Z
0000050,"서울특별시 서대문구 독립문로 56 (냉천동, 감리교신학대학)",서울특별시 서대문구 냉천동 31,126.9618929433262,37.5679165895965,서울특별시,서대문구,2026-08-01T20:12:16.527Z
0000051,"경기도 용인시 기흥구 강남로 40 (구갈동, 강남대학교)",경기도 용인시 기흥구 구갈동 111,127.13339446482709,37.27679172121225,경기도,용인시,2026-08-01T20:12:16.527Z
0000052,"서울특별시 광진구 능동로 120 (화양동, 건국대학교)",서울특별시 광진구 화양동 393-1,127.07818913116384,37.54341661956013,서울특별시,광진구,2026-08-01T20:12:16.527Z
0000053,"충청북도 충주시 충원대로 268 (단월동, 건국대학교 글로컬캠퍼스)",충청북도 충주시 단월동 322,127.90453775393146,36.948901439541075,충청북도,충주시,2026-08-01T20:12:16.527Z
0000054,"충청남도 논산시 대학로 121 (내동, 건양대학교)",충청남도 논산시 은진면 와야리 121,127.11170457580386,36.18203860610181,충청남도,논산시,2026-08-01T20:12:16.527Z
0000055,"대전광역시 서구 관저동로 158 (관저동, 건양대학교병원)",대전광역시 서구 관저동 1643,127.34264048665737,36.30682222962901,대전광역시,서구,2026-08-01T20:12:16.527Z
0000056,"경기도 수원시 영통구 광교산로 154-42 (이의동, 경기대학교)",경기도 수원시 영통구 이의동 산 96-2,127.03997808029791,37.301200022515744,경기도,수원시,2026-08-01T20:12:16.527Z
0000058,"서울특별시 서대문구 경기대로9길 24 (충정로2가, 경기대학교)",서울특별시 서대문구 충정로2가 68-9,126.96224300874167,37.56475126178347,서울특별시,서대문구,2026-08-01T20:12:16.527Z
0000059,"경상남도 창원시 마산합포구 경남대학로 7 (월영동, 경남대학교)",경상남도 창원시 마산합포구 월영동 355-1,128.552188863967,35.18372782506245,경상남도,창원시,2026-08-01T20:12:16.527Z
0000060,강원특별자치도 고성군 토성면 봉포4길 46,강원특별자치도 고성군 토성면 봉포리 306-4,128.55767454111754,38.25075465567367,강원특별자치도,고성군,2026-08-01T20:12:16.527Z
0000061,경상북도 경산시 한의대로 1(유곡동),경상북도 경산시 유곡동 290-1,128.77688515835078,35.79600422377702,경상북도,경산시,2026-08-01T20:12:16.527Z
0000062,"부산광역시 남구 수영로 309 (대연동, 경성대학교)",부산광역시 남구 대연동 314-81,129.10010314519482,35.13848771570923,부산광역시,남구,2026-08-01T20:12:16.527Z
0000063,"경기도 성남시 수정구 성남대로 1342 (복정동, 가천대학교)",경기도 성남시 수정구 복정동 620-4,127.13096879205496,37.45056060624532,경기도,성남시,2026-08-01T20:12:16.527Z
0000064,"경상북도 경산시 하양읍 가마실길 50 (부호리, 경일대학교)",경상북도 경산시 하양읍 부호리 33,128.80027066048885,35.91008796879037,경상북도,경산시,2026-08-01T20:12:16.527Z
0000065,"경상북도 경주시 태종로 188 (효현동, 경주대학교)",경상북도 경주시 효현동 670,129.16181988484274,35.83161118336814,경상북도,경주시,2026-08-01T20:12:16.527Z
0000066,"서울특별시 동대문구 경희대로 26 (회기동, 경희대학교)",서울특별시 동대문구 회기동 1-5,127.05146101237986,37.594408964481374,서울특별시,동대문구,2026-08-01T20:12:16.527Z
0000068,"대구광역시 달서구 달구벌대로 1095 (신당동, 계명대학교성서캠퍼스)",대구광역시 달서구 호산동 산 1,128.47941593120652,35.85545201487874,대구광역시,달서구,2026-08-01T20:12:16.527Z
0000069,"서울특별시 성북구 안암로 145 (안암동5가, 고려대학교안암캠퍼스(인문사회계))",서울특별시 성북구 안암동5가 163-10,127.02887472010458,37.591427483696506,서울특별시,성북구,2026-08-01T20:12:16.527Z
0000070,"세종특별자치시 조치원읍 세종로 2511 (서창리, 고려대학교세종캠퍼스)",세종특별자치시  조치원읍 서창리 208,127.28458700897875,36.61066802092938,,,2026-08-01T20:12:16.527Z
0000071,"부산광역시 영도구 와치로 194 (동삼동, 고신대학교)",부산광역시 영도구 동삼동 516-43,129.0638557694357,35.078481607406914,부산광역시,영도구,2026-08-01T20:12:16.527Z
0000072,강원특별자치도 강릉시 범일로579번길 24 (내곡동),강원특별자치도 강릉시 내곡동 522,128.87653697733083,37.736598653139986,강원특별자치도,강릉시,2026-08-01T20:12:16.527Z
0000073,"전남광주통합특별시 북구 양산택지소로 36 (본촌동, 광신대학교)",전남광주통합특별시 북구 본촌동 132-1,126.88465661612517,35.215725404126204,전남광주통합특별시,북구,2026-08-01T20:12:16.527Z
0000074,"서울특별시 노원구 광운로 20 (월계동, 광운대학교)",서울특별시 노원구 월계동 447-1,127.05881566923324,37.62013714687011,서울특별시,노원구,2026-08-01T20:12:16.527Z
0000075,"전남광주통합특별시 나주시 남평읍 중남길 12-25 (남석리, 광주가톨릭대학교)",전남광주통합특별시 나주시 남평읍 남석리 산 69-1,126.86424900650556,35.01509243838859,전남광주통합특별시,나주시,2026-08-01T20:12:16.527Z
0000076,전남광주통합특별시 광산구 광주여대길 40 (산정동),전남광주통합특별시 광산구 산정동 산 105-1,126.79640857128581,35.16316587063491,전남광주통합특별시,광산구,2026-08-01T20:12:16.527Z
0000078,"서울특별시 성북구 정릉로 77 (정릉동, 국민대학교)",서울특별시 성북구 정릉동 853-12,126.99868889098005,37.610050889429544,서울특별시,성북구,2026-08-01T20:12:16.527Z
0000079,서울특별시 강서구 까치산로24길 47 (화곡동),서울특별시 강서구 화곡동 953-1,126.85413465347227,37.548669054022156,서울특별시,강서구,2026-08-01T20:12:16.527Z
0000080,"충청북도 음성군 감곡면 대학길 76-32 (왕장리, 극동대학교)",충청북도 음성군 감곡면 왕장리 85-5,127.64187083878215,37.12825437973703,충청북도,음성군,2026-08-01T20:12:16.527Z
0000081,"충청남도 천안시 서북구 월봉로 48 (쌍용동, 나사렛대학교)",충청남도 천안시 서북구 쌍용동 456,127.11854637419894,36.79552443920029,충청남도,천안시,2026-08-01T20:12:16.527Z
0000082,"경기도 용인시 수지구 죽전로 152 (죽전동, 단국대학교)",경기도 용인시 기흥구 마북동 655,127.12843229915633,37.318038794429754,경기도,용인시,2026-08-01T20:12:16.527Z
0000084,"경상북도 경산시 진량읍 대구대로 201 (내리리, 대구대학교경산캠퍼스)",경상북도 경산시 진량읍 내리리 15,128.8425529147892,35.903973449336156,경상북도,경산시,2026-08-01T20:12:16.527Z
0000087,"경상북도 칠곡군 가산면 다부거문1길 202 (다부리, 대구예술대학교)",경상북도 칠곡군 가산면 다부리 861,128.5094840925224,36.03218258544183,경상북도,칠곡군,2026-08-01T20:12:16.527Z
0000088,"경상북도 경산시 하양읍 하양로 13-13 (금락리, 대구가톨릭대학교)",경상북도 경산시 하양읍 금락리 308-5,128.80232594559692,35.91415467692576,경상북도,경산시,2026-08-01T20:12:16.527Z
0000092,"전남광주통합특별시 영암군 삼호읍 녹색로 1113 (산호리, 세한대학교)",전남광주통합특별시 영암군 삼호읍 산호리 105-5,126.48301388331485,34.74559116742326,전남광주통합특별시,영암군,2026-08-01T20:12:16.527Z
0000093,"경상북도 경산시 경청로222길 33 (백천동, 대신대학교)",경상북도 경산시 백천동 137,128.74441639316683,35.80436957106961,경상북도,경산시,2026-08-01T20:12:16.527Z
0000094,"세종특별자치시 전의면 가톨릭대학로 30 (신방리, 대전가톨릭대학교)",세종특별자치시  전의면 신방리 325,127.19313166025049,36.655057462682116,,,2026-08-01T20:12:16.527Z
0000095,"대전광역시 동구 대학로 62 (용운동, 대전대학교)",대전광역시 동구 용운동 96-3,127.46124686737987,36.33638164812804,대전광역시,동구,2026-08-01T20:12:16.527Z
0000097,"경기도 포천시 호국로 1007 (선단동, 대진대학교)",경기도 포천시 선단동 산 11-1,127.15896485428526,37.86589187728765,경기도,포천시,2026-08-01T20:12:16.527Z
0000098,"서울특별시 은평구 갈현로4길 26-2 (신사동, 서울기독대학교)",서울특별시 은평구 신사동 1-19,126.9121927242796,37.600757038445394,서울특별시,은평구,2026-08-01T20:12:16.527Z
0000099,"서울특별시 도봉구 삼양로144길 33 (쌍문동, 덕성여자대학교)",서울특별시 도봉구 쌍문동 419,127.01705646155571,37.6511759142339,서울특별시,도봉구,2026-08-01T20:12:16.527Z
0000100,"서울특별시 중구 필동로1길 30 (장충동2가, 동국대학교)",서울특별시 중구 장충동2가 192-5,127.00255894904652,37.55734562943239,서울특별시,중구,2026-08-01T20:12:16.527Z
0000101,경상북도 경주시 동대로 123(석장동),경상북도 경주시 석장동 707,129.19116080380047,35.86333766909903,경상북도,경주시,2026-08-01T20:12:16.527Z
0000102,"서울특별시 성북구 화랑로13길 60 (하월곡동, 동덕여자대학교)",서울특별시 성북구 하월곡동 73-96,127.04123760643732,37.60588176742441,서울특별시,성북구,2026-08-01T20:12:16.527Z
0000103,"부산광역시 사상구 주례로 47 (주례동, 동서대학교)",부산광역시 사상구 주례동 85-1,129.00750538303805,35.14350230875934,부산광역시,사상구,2026-08-01T20:12:16.527Z
0000104,전남광주통합특별시 나주시 동신대길 67 (대호동),전남광주통합특별시 나주시 대호동 252,126.71798511174165,35.04969500732174,전남광주통합특별시,나주시,2026-08-01T20:12:16.527Z
0000105,"부산광역시 사하구 낙동대로550번길 37 (하단동, 동아대학교)",부산광역시 사하구 하단동 산 3-1,128.9680850247375,35.11880881319746,부산광역시,사하구,2026-08-01T20:12:16.527Z
0000106,"경상북도 영주시 풍기읍 동양대로 145 (산법리, 동양대학교)",경상북도 영주시 풍기읍 산법리 583-10,128.5375256650341,36.8808054332111,경상북도,영주시,2026-08-01T20:12:16.527Z
0000107,"부산광역시 부산진구 엄광로 176 (가야동, 동의대학교)",부산광역시 부산진구 가야동 464-121,129.03492091410112,35.142444764364015,부산광역시,부산진구,2026-08-01T20:12:16.527Z
0000108,"경기도 용인시 기흥구 금화로82번길 20 (상갈동, 루터대학교)",경기도 용인시 기흥구 상갈동 17,127.11362237676961,37.265064211099116,경기도,용인시,2026-08-01T20:12:16.527Z
0000109,"경기도 용인시 처인구 명지로 116 (남동, 명지대학교용인캠퍼스)",경기도 용인시 처인구 남동 555,127.18509630318812,37.22354266488637,경기도,용인시,2026-08-01T20:12:16.527Z
0000111,"서울특별시 서대문구 거북골로 34 (남가좌동, 명지대학교)",서울특별시 서대문구 남가좌동 50-3,126.92255941861805,37.58024315222572,서울특별시,서대문구,2026-08-01T20:12:16.527Z
0000112,"대전광역시 서구 도안북로 88 (도안동, 목원대학교)",대전광역시 서구 도안동 800,127.3378768953809,36.32438641014862,대전광역시,서구,2026-08-01T20:12:16.527Z
0000113,"대전광역시 서구 배재로 155-40 (도마동, 배재대학교)",대전광역시 서구 도마동 439-6,127.36724243068932,36.32191787304069,대전광역시,서구,2026-08-01T20:12:16.527Z
0000114,"부산광역시 금정구 오륜대로 57 (부곡동, 부산가톨릭대학교)",부산광역시 금정구 부곡동 9,129.09820130638096,35.244994482874304,부산광역시,금정구,2026-08-01T20:12:16.527Z
0000115,"부산광역시 금정구 금샘로485번길 65 (남산동, 부산외국어대학교)",부산광역시 금정구 남산동 857-1,129.08103805251852,35.267118564991996,부산광역시,금정구,2026-08-01T20:12:16.527Z
0000116,"서울특별시 노원구 화랑로 815 (공릉동, 삼육대학교)",서울특별시 노원구 공릉동 26-38,127.1085070064982,37.64052455284686,서울특별시,노원구,2026-08-01T20:12:16.527Z
0000117,"서울특별시 종로구 홍지문2길 20 (홍지동, 상명대학교)",서울특별시 종로구 홍지동 7-1,126.95567856544022,37.60310038855627,서울특별시,종로구,2026-08-01T20:12:16.527Z
0000119,강원특별자치도 원주시 상지대길 83 (우산동),강원특별자치도 원주시 우산동 738,127.9312758528091,37.367707847037885,강원특별자치도,원주시,2026-08-01T20:12:16.527Z
0000120,"서울특별시 마포구 백범로 35 (신수동, 서강대학교)",서울특별시 마포구 대흥동 산 1-30,126.94231758935422,37.55369479516961,서울특별시,마포구,2026-08-01T20:12:16.527Z
0000121,"서울특별시 성북구 서경로 124 (정릉동, 서경대학교)",서울특별시 성북구 정릉동 산 16-1,127.01141295643302,37.61532886169918,서울특별시,성북구,2026-08-01T20:12:16.527Z
0000125,"경기도 부천시 소사구 호현로489번길 52 (소사본동, 서울신학대학교)",경기도 부천시 소사구 소사본동 101-1,126.79055918259041,37.4786912207728,경기도,부천시,2026-08-01T20:12:16.527Z
0000126,"서울특별시 노원구 화랑로 621 (공릉동, 서울여자대학교)",서울특별시 노원구 공릉동 126,127.0934434204766,37.62695573551928,서울특별시,노원구,2026-08-01T20:12:16.527Z
0000127,"경기도 광주시 경안로 145 (경안동, 서울장신대학교)",경기도 광주시 경안동 219-2,127.24618214138232,37.41060140032273,경기도,광주시,2026-08-01T20:12:16.527Z
0000128,"충청북도 청주시 서원구 무심서로 377-3 (모충동, 서원대학교)",충청북도 청주시 서원구 모충동 273,127.48210862543425,36.625956278356554,충청북도,청주시,2026-08-01T20:12:16.527Z
0000129,"충청남도 아산시 탕정면 선문로221번길 70 (갈산리, 선문대학교)",충청남도 아산시 탕정면 갈산리 100,127.07077496092575,36.79735593480966,충청남도,아산시,2026-08-01T20:12:16.527Z
0000131,"경기도 안양시 만안구 성결대학로 53 (안양동, 성결대학교)",경기도 안양시 만안구 안양동 400-10,126.9288138399358,37.37986262703335,경기도,안양시,2026-08-01T20:12:16.527Z
0000132,"서울특별시 구로구 연동로 320 (항동, 성공회대학교)",서울특별시 구로구 항동 1-1,126.82503090004444,37.48834490842523,서울특별시,구로구,2026-08-01T20:12:16.527Z
0000133,"서울특별시 종로구 성균관로 25-2 (명륜3가, 성균관대학교)",서울특별시 종로구 명륜3가 53-21,126.99453878391037,37.58814910610191,서울특별시,종로구,2026-08-01T20:12:16.527Z
0000136,"서울특별시 성북구 보문로34다길 2 (돈암동, 성신여자대학교)",서울특별시 성북구 돈암동 173-1,127.02197355202122,37.59170093264356,서울특별시,성북구,2026-08-01T20:12:16.527Z
0000137,"충청북도 제천시 세명로 65 (신월동, 세명대학교)",충청북도 제천시 신월동 522,128.19646316708065,37.176270208688365,충청북도,제천시,2026-08-01T20:12:16.527Z
0000138,"서울특별시 광진구 능동로 209 (군자동, 세종대학교)",서울특별시 광진구 군자동 98,127.07318361304209,37.55160935088161,서울특별시,광진구,2026-08-01T20:12:16.527Z
0000139,"경기도 화성시 봉담읍 왕림1길 67 (왕림리, 수원가톨릭대학교)",경기도 화성시 효행구 봉담읍 왕림리 226,126.9339237340935,37.1933283378457,경기도,화성시,2026-08-01T20:12:16.527Z
0000140,"경기도 화성시 봉담읍 와우안길 17 (와우리, 수원대학교)",경기도 화성시 효행구 봉담읍 와우리 6,126.97970695757886,37.20722611759146,경기도,화성시,2026-08-01T20:12:16.527Z
0000141,"서울특별시 용산구 청파로47길 90 (청파동2가, 숙명여자대학교)",서울특별시 용산구 청파동2가 53,126.96534477121517,37.54529927693998,서울특별시,용산구,2026-08-01T20:12:16.527Z
0000142,"충청남도 아산시 신창면 순천향로 22 (읍내리, 순천향대학교)",충청남도 아산시 신창면 읍내리 646,126.9289373192372,36.76835123315469,충청남도,아산시,2026-08-01T20:12:16.527Z
0000143,"서울특별시 동작구 상도로 369 (상도동, 숭실대학교)",서울특별시 동작구 상도동 511,126.95507100599167,37.496547184084456,서울특별시,동작구,2026-08-01T20:12:16.527Z
0000144,"부산광역시 사상구 백양대로700번길 140 (괘법동, 신라대학교)",부산광역시 사상구 괘법동 산 1-23,128.99528462430067,35.169233383896774,부산광역시,사상구,2026-08-01T20:12:16.527Z
0000145,경기도 양평군 옥천면 경강로 1276 아신대학교,경기도 양평군 옥천면 아신리 933-17,127.42910104138127,37.5112033867927,경기도,양평군,2026-08-01T20:12:16.527Z
0000146,"경기도 수원시 영통구 월드컵로 206 (원천동, 아주대학교)",경기도 수원시 영통구 원천동 산 5-1,127.04275066682418,37.28408702575119,경기도,수원시,2026-08-01T20:12:16.527Z
0000147,"경기도 안양시 만안구 삼덕로37번길 22 (안양동, 안양대학교)",경기도 안양시 만안구 안양동 708-113,126.92046361203208,37.391786454003864,경기도,안양시,2026-08-01T20:12:16.527Z
0000148,"인천광역시 강화군 불은면 중앙로 602-14 (삼성리, 안양대학교강화캠퍼스)",인천광역시 강화군 불은면 삼성리 809-170,126.44471138628481,37.71100393431708,인천광역시,강화군,2026-08-01T20:12:16.527Z
0000149,"서울특별시 서대문구 연세로 50 (신촌동, 연세대학교)",서울특별시 서대문구 신촌동 134,126.9389139906308,37.5643439976086,서울특별시,서대문구,2026-08-01T20:12:16.527Z
0000150,강원특별자치도 원주시 흥업면 연세대길 1 연세대학교 미래캠퍼스,강원특별자치도 원주시 흥업면 매지리 1496,127.90348632414302,37.277885687778635,강원특별자치도,원주시,2026-08-01T20:12:16.527Z
0000151,"경상북도 경산시 대학로 280 (대동, 영남대학교)",경상북도 경산시 삼풍동 300,128.7539352994309,35.82802487396762,경상북도,경산시,2026-08-01T20:12:16.527Z
0000153,"경상북도 경산시 진량읍 봉회1길 26 (봉회리, 영남신학대학교)",경상북도 경산시 진량읍 봉회리 117,128.8180475807701,35.88036999271941,경상북도,경산시,2026-08-01T20:12:16.527Z
0000154,충청북도 영동군 영동읍 대학로 310,충청북도 영동군 영동읍 설계리 54,127.79783812635196,36.1929699906805,충청북도,영동군,2026-08-01T20:12:16.527Z
0000155,전남광주통합특별시 영광군 백수읍 성지로 1357 (길용리),전남광주통합특별시 영광군 백수읍 길용리 771-2,126.44158484159215,35.32655559384011,전남광주통합특별시,영광군,2026-08-01T20:12:16.527Z
0000156,"경기도 용인시 처인구 용인대학로 134 (삼가동, 용인대학교)",경기도 용인시 처인구 삼가동 470,127.16950139511307,37.22577402356981,경기도,용인시,2026-08-01T20:12:16.527Z
0000157,"전라북도 완주군 삼례읍 삼례로 443 (후정리, 우석대학교)",전북특별자치도 완주군 삼례읍 후정리 490,127.06931446461982,35.91328749208547,전라북도,완주군,2026-08-01T20:12:16.527Z
0000158,"울산광역시 남구 대학로 93 (무거동, 울산대학교)",울산광역시 남구 무거동 759,129.25807264994955,35.54641540065637,울산광역시,남구,2026-08-01T20:12:16.527Z
0000159,전북특별자치도 익산시 익산대로 460 (신동),전북특별자치도 익산시 신동 272,126.96123535208517,35.96664207915565,전북특별자치도,익산시,2026-08-01T20:12:16.527Z
0000160,"경상북도 경주시 강동면 동해대로 261 (유금리, 위덕대학교)",경상북도 경주시 강동면 유금리 525,129.28417542015836,36.01188063808809,경상북도,경주시,2026-08-01T20:12:16.527Z
0000161,"대전광역시 중구 계룡로771번길 77 (목동, 을지대학교대전캠퍼스)",대전광역시 중구 목동 24-14,127.40571376529162,36.33295979878167,대전광역시,중구,2026-08-01T20:12:16.527Z
0000162,"경기도 성남시 수정구 산성대로 553 (양지동, 을지대학교)",경기도 성남시 수정구 양지동 212,127.16478422500646,37.459801381716844,경기도,성남시,2026-08-01T20:12:16.527Z
0000163,"서울특별시 서대문구 이화여대길 52 (대현동, 이화여자대학교)",서울특별시 서대문구 대현동 11-1,126.94469567036427,37.560311865044184,서울특별시,서대문구,2026-08-01T20:12:16.527Z
0000164,"경상남도 김해시 인제로 197 (어방동, 인제대학교)",경상남도 김해시 어방동 607,128.90190636770552,35.24848399760991,경상남도,김해시,2026-08-01T20:12:16.527Z
0000166,"부산광역시 부산진구 복지로 75 (개금동, 백병원)",부산광역시 부산진구 개금동 633-165,129.02124841973858,35.146158164750744,부산광역시,부산진구,2026-08-01T20:12:16.527Z
0000167,인천광역시 연수구 송도문화로120번길 20 (송도동) 인천가톨릭대학교,인천광역시 연수구 송도동 193-3,126.66350700778503,37.37262432488312,인천광역시,연수구,2026-08-01T20:12:16.527Z
0000168,"인천광역시 강화군 양도면 고려왕릉로 53-1 (도장리, 인천가톨릭대학교)",인천광역시 강화군 양도면 도장리 495,126.44660576107611,37.65739205105163,인천광역시,강화군,2026-08-01T20:12:16.527Z
0000169,인천광역시 미추홀구 인하로 100(용현동) 인하대학교,인천광역시 미추홀구 용현동 253-4,126.65015810056178,37.44963903501953,인천광역시,미추홀구,2026-08-01T20:12:16.527Z
0000170,"서울특별시 광진구 광장로5길 25-1 (광장동, 장로회신학대학교)",서울특별시 광진구 광장동 353,127.10489916115168,37.54933881597185,서울특별시,광진구,2026-08-01T20:12:16.527Z
0000171,전북특별자치도 전주시 완산구 천잠로 303 (효자동2가),전북특별자치도 전주시 완산구 효자동3가 1203,127.08501643339355,35.81709253287511,전북특별자치도,전주시,2026-08-01T20:12:16.527Z
0000172,전남광주통합특별시 동구 조선대길 146(서석동),전남광주통합특별시 동구 서석동 375,126.93470435417558,35.142739608731404,전남광주통합특별시,동구,2026-08-01T20:12:16.527Z
0000173,"충청남도 금산군 추부면 대학로 201 (마전리, 중부대학교)",충청남도 금산군 추부면 마전리 755,127.44859455856772,36.19314699250299,충청남도,금산군,2026-08-01T20:12:16.527Z
0000174,"경기도 안성시 대덕면 서동대로 4726 (내리, 중앙대학교)",경기도 안성시 대덕면 내리 10-1,127.23125366210766,37.00330598113146,경기도,안성시,2026-08-01T20:12:16.527Z
0000175,"서울특별시 동작구 흑석로 84 (흑석동, 중앙대학교)",서울특별시 동작구 흑석동 221,126.95626212046739,37.50264386285164,서울특별시,동작구,2026-08-01T20:12:16.527Z
0000177,경기도 김포시 승가로 123 (풍무동),경기도 김포시 풍무동 671-1,126.70573305871851,37.60418610674748,경기도,김포시,2026-08-01T20:12:16.527Z
0000178,충청남도 천안시 동남구 백석대학로 1 (안서동),충청남도 천안시 동남구 안서동 115,127.1857097375615,36.83934360947134,충청남도,천안시,2026-08-01T20:12:16.527Z
0000179,"충청북도 청주시 청원구 대성로 298 (내덕동, 청주대학교)",충청북도 청주시 청원구 우암동 213,127.49269063482234,36.65173970052292,충청북도,청주시,2026-08-01T20:12:16.527Z
0000180,"서울특별시 동작구 사당로 143 (사당동, 총신대학교)",서울특별시 동작구 사당동 200-1,126.96680545296292,37.488050362223575,서울특별시,동작구,2026-08-01T20:12:16.527Z
0000181,"서울특별시 서대문구 북아현로11가길 7 (북아현동, 추계예술대학교)",서울특별시 서대문구 북아현동 190-1,126.95387922093033,37.56257201091894,서울특별시,서대문구,2026-08-01T20:12:16.527Z
0000182,"대전광역시 유성구 북유성대로 190 (하기동, 침례신학대학)",대전광역시 유성구 하기동 산 15-3,127.32541395965139,36.385218196079165,대전광역시,유성구,2026-08-01T20:12:16.527Z
0000184,"경기도 용인시 기흥구 마북로 184 (마북동, 칼빈대학교)",경기도 용인시 기흥구 마북동 산 11-1,127.12941107340706,37.30536278889019,경기도,용인시,2026-08-01T20:12:16.527Z
0000186,"경기도 평택시 서동대로 3825 (용이동, 평택대학교)",경기도 평택시 용이동 605,127.13192141689467,36.995107013777584,경기도,평택시,2026-08-01T20:12:16.527Z
0000187,"경기도 포천시 해룡로 120 (동교동, 포천중문의과대학) 차의과학대학교",경기도 포천시 동교동 198-1,127.13772629327751,37.85705809678533,경기도,포천시,2026-08-01T20:12:16.527Z
0000188,"경상북도 포항시 남구 청암로 77 (지곡동, 포항공과대학교)",경상북도 포항시 남구 지곡동 산 260-1,129.3208153025875,36.01718170263163,경상북도,포항시,2026-08-01T20:12:16.527Z
0000189,"충청남도 천안시 동남구 병천면 충절로 1600 (가전리, 한국기술교육대학교)",충청남도 천안시 동남구 병천면 가전리 307,127.28121941950931,36.76301618591532,충청남도,천안시,2026-08-01T20:12:16.527Z
0000191,"서울특별시 노원구 동일로214길 32 (상계동, 한국성서대학교)",서울특별시 노원구 상계동 205-4,127.06374723628883,37.648946554847186,서울특별시,노원구,2026-08-01T20:12:16.527Z
0000192,"서울특별시 동대문구 이문로 107 (이문동, 한국외국어대학교)",서울특별시 동대문구 이문동 270-1,127.05831344541863,37.597275776120796,서울특별시,동대문구,2026-08-01T20:12:16.527Z
0000194,"경기도 고양시 덕양구 항공대학로 76 (화전동, 한국항공대학교)",경기도 고양시 덕양구 현천동 247-3,126.86487857325409,37.597551568056076,경기도,고양시,2026-08-01T20:12:16.527Z
0000195,"대전광역시 대덕구 한남로 70 (오정동, 한남대학교)",대전광역시 대덕구 오정동 133,127.42362043036286,36.353760312602276,대전광역시,대덕구,2026-08-01T20:12:16.527Z
0000196,"경상북도 포항시 북구 흥해읍 한동로 558 (남송리, 한동대학교)",경상북도 포항시 북구 흥해읍 남송리 3,129.39145654941086,36.10436583418359,경상북도,포항시,2026-08-01T20:12:16.527Z
0000197,강원특별자치도 원주시 흥업면 한라대길 28,강원특별자치도 원주시 흥업면 흥업리 980,127.910975719525,37.30200342945968,강원특별자치도,원주시,2026-08-01T20:12:16.527Z
0000198,강원특별자치도 춘천시 한림대학길 1 (옥천동),강원특별자치도 춘천시 후평동 671,127.74083851563216,37.887574603363454,강원특별자치도,춘천시,2026-08-01T20:12:16.527Z
0000199,"충청남도 서산시 해미면 한서1로 46 (대곡리, 한서대학교)",충청남도 서산시 해미면 대곡리 337,126.58620822302022,36.691561097845046,충청남도,서산시,2026-08-01T20:12:16.527Z
0000200,"서울특별시 성북구 삼선교로16길 116 (삼선동2가, 한성대학교)",서울특별시 성북구 삼선동2가 389,127.00955740519694,37.58302810469169,서울특별시,성북구,2026-08-01T20:12:16.527Z
0000201,경기도 군포시 한세로 30 (당정동),경기도 군포시 당정동 964-3,126.95295210694965,37.34538987329651,경기도,군포시,2026-08-01T20:12:16.527Z
0000202,"경기도 오산시 한신대길 137 (양산동, 한신대학교)",경기도 오산시 양산동 469-2,127.01893995039667,37.19529191893011,경기도,오산시,2026-08-01T20:12:16.527Z
0000203,"서울특별시 성동구 왕십리로 222 (사근동, 한양대학교)",서울특별시 성동구 사근동 110,127.04469998943848,37.55839107944937,서울특별시,성동구,2026-08-01T20:12:16.527Z
0000204,"경기도 안산시 상록구 한양대학로 55 (사동, 한양대학교)",경기도 안산시 상록구 사동 1271,126.83326769771159,37.30045010797498,경기도,안산시,2026-08-01T20:12:16.527Z
0000205,서울특별시 구로구 경인로 290-42 (개봉동),서울특별시 구로구 개봉동 415-9,126.85083001685281,37.496587557592875,서울특별시,구로구,2026-08-01T20:12:16.527Z
0000206,전북특별자치도 완주군 상관면 왜목로 726-15,전북특별자치도 완주군 상관면 신리 694-1,127.20629177885621,35.762630588124765,전북특별자치도,완주군,2026-08-01T20:12:16.527Z
0000207,"경기도 화성시 봉담읍 최루백로 72 (상리, 협성대학교)",경기도 화성시 효행구 봉담읍 상리 14-1,126.9526971366229,37.21246331033452,경기도,화성시,2026-08-01T20:12:16.527Z
0000208,"전남광주통합특별시 광산구 호남대길 120 (서봉동, 호남대학본부)",전남광주통합특별시 광산구 서봉동 61-1,126.76507024556713,35.14997796045883,전남광주통합특별시,광산구,2026-08-01T20:12:16.527Z
0000209,"전남광주통합특별시 남구 제중로 77 (양림동, 호남신학대학교)",전남광주통합특별시 남구 양림동 226-5,126.91212415237979,35.139750736851994,전남광주통합특별시,남구,2026-08-01T20:12:16.527Z
0000211,"충청남도 아산시 배방읍 호서로79번길 20 (세출리, 호서대학교)",충청남도 아산시 배방읍 세출리 165,127.07363781163404,36.73557742783294,충청남도,아산시,2026-08-01T20:12:16.527Z
0000212,"서울특별시 마포구 와우산로 94 (상수동, 홍익대학교)",서울특별시 마포구 상수동 72-1,126.92499020940261,37.54921750934139,서울특별시,마포구,2026-08-01T20:12:16.527Z
0000215,"충청북도 청주시 서원구 현도면 상삼길 133 (상삼리, 꽃동네대학교)",충청북도 청주시 서원구 현도면 상삼리 387,127.4007806696801,36.52227547623305,충청북도,청주시,2026-08-01T20:12:16.527Z
0000216,전남광주통합특별시 광산구 남부대길 1 (월계동),전남광주통합특별시 광산구 월계동 864-1,126.84225845666774,35.20696194458563,전남광주통합특별시,광산구,2026-08-01T20:12:16.527Z
0000218,"전라북도 임실군 신평면 창인로 117 (창인리, 예원예술학교)",전북특별자치도 임실군 신평면 창인리 271,127.27094947251089,35.64689670083379,전라북도,임실군,2026-08-01T20:12:16.527Z
0000219,경기도 양주시 은현면 예원대학로 56,경기도 양주시 은현면 용암리 784-13,127.0357335470958,37.845567481624165,경기도,양주시,2026-08-01T20:12:16.527Z
0000221,"전남광주통합특별시 목포시 영산로 697 (석현동, 목포가톨릭대학교)",전남광주통합특별시 목포시 석현동 894-1,126.41918657574382,34.826798297233935,전남광주통합특별시,목포시,2026-08-01T20:12:16.527Z
0000222,경상남도 김해시 김해대로 1894-68 (구산동),경상남도 김해시 구산동 764,128.86171820510535,35.2563109524548,경상남도,김해시,2026-08-01T20:12:16.527Z
0000224,"충청남도 논산시 상월면 상월로 522 (대명리, 금강대학교)",충청남도 논산시 상월면 상도리 27-14,127.18970700009737,36.306805035566,충청남도,논산시,2026-08-01T20:12:16.527Z
0000228,"전라북도 전주시 완산구 서원로 383 (중화산동1가, 예수대학교)",전북특별자치도 전주시 완산구 중화산동1가 168-1,127.13417766218997,35.81569174457272,전라북도,전주시,2026-08-01T20:12:16.527Z
0000231,"전남광주통합특별시 남구 효덕로 277 (진월동, 광주대학교)",전남광주통합특별시 남구 진월동 592-1,126.89547544997627,35.10649907926424,전남광주통합특별시,남구,2026-08-01T20:12:16.527Z
0000233,경기도 화성시 남양읍 남양중앙로 400-5,경기도 화성시 만세구 남양읍 남양리 1483-1,126.84060685117139,37.20267024941688,경기도,화성시,2026-08-01T20:12:16.527Z
0000235,"부산광역시 남구 신선로 428 (용당동, 동명대학교)",부산광역시 남구 용당동 485,129.10151412431455,35.11988080216953,부산광역시,남구,2026-08-01T20:12:16.527Z
0000238,"대전광역시 대덕구 한남로 41 (오정동, 대전신학대학교)",대전광역시 대덕구 오정동 226-22,127.4229966943414,36.350193350939335,대전광역시,대덕구,2026-08-01T20:12:16.527Z
0000239,"충청북도 괴산군 괴산읍 문무로 85 (동부리, 중원대학교)",충청북도 괴산군 괴산읍 동부리 5,127.79743750352229,36.82012096035326,충청북도,괴산군,2026-08-01T20:12:16.527Z
0000240,"대전광역시 동구 동대전로 171 (자양동, 우송정보대학)",대전광역시 동구 자양동 155-3,127.44646700149981,36.33813494441309,대전광역시,동구,2026-08-01T20:12:16.527Z
0000241,"경상북도 김천시 대학로 214 (삼락동, 김천대학교)",경상북도 김천시 삼락동 754-1,128.0787716978901,36.13928796791576,경상북도,김천시,2026-08-01T20:12:16.527Z
0000243,"전남광주통합특별시 남구 송암로 73 (송하동, 송원대학)",전남광주통합특별시 남구 송하동 365-1,126.87200209720734,35.11333485972577,전남광주통합특별시,남구,2026-08-01T20:12:16.527Z
0000244,경상북도 구미시 산동읍 강동로 730,경상북도 구미시 산동읍 인덕리 161-5,128.46904977171752,36.16924225664104,경상북도,구미시,2026-08-01T20:12:16.527Z
0000245,"충청남도 천안시 서북구 성환읍 대학로 91 (매주리, 남서울대학교)",충청남도 천안시 서북구 성환읍 매주리 21,127.14477435445299,36.90734219552042,충청남도,천안시,2026-08-01T20:12:16.527Z
0000246,"전남광주통합특별시 무안군 무안읍 무안로 380 (성남리, 초당대학교)",전남광주통합특별시 무안군 무안읍 성남리 419,126.4761514739618,34.97692637375833,전남광주통합특별시,무안군,2026-08-01T20:12:16.527Z
0000247,경기도 시흥시 산기대학로 237 (정왕동),경기도 시흥시 정왕동 2121-1,126.73362460073025,37.34068595961445,경기도,시흥시,2026-08-01T20:12:16.527Z
0000248,제주특별자치도 제주시 516로 2870 (영평동),제주특별자치도 제주시 영평동 2235,126.57013518106243,33.44125106496836,제주특별자치도,제주시,2026-08-01T20:12:16.527Z
0000249,"경상남도 창원시 마산회원구 팔용로 262 (합성동, 창신대학)",경상남도 창원시 마산회원구 합성동 1,128.60033408920586,35.24491111824501,경상남도,창원시,2026-08-01T20:12:16.527Z
0000250,"울산광역시 울주군 언양읍 유니스트길 50 (반연리, 울산과학기술원)",울산광역시 울주군 언양읍 반연리 산 69-3,129.18795051780586,35.57676321015778,울산광역시,울주군,2026-08-01T20:12:16.527Z
0000251,"충청남도 공주시 웅진로 27 (봉황동, 공주교육대학교)",충청남도 공주시 봉황동 376-1,127.11915844059587,36.44570361415379,충청남도,공주시,2026-08-01T20:12:16.527Z
0000252,"전남광주통합특별시 북구 필문대로 55 (풍향동, 광주교육대학교)",전남광주통합특별시 북구 풍향동 1-1,126.92606717809286,35.16380200718284,전남광주통합특별시,북구,2026-08-01T20:12:16.527Z
0000253,"대구광역시 남구 중앙대로 219 (대명동, 대구교육대학교)",대구광역시 남구 대명동 1797-8,128.58794094707122,35.85345870189285,대구광역시,남구,2026-08-01T20:12:16.527Z
0000254,"부산광역시 연제구 교대로 24 (거제동, 부산교육대학교) 교무처",부산광역시 연제구 거제동 256-1,129.07420329013968,35.1949688463205,부산광역시,연제구,2026-08-01T20:12:16.527Z
0000255,"서울특별시 서초구 서초중앙로 96 (서초동, 서울교육대학교)",서울특별시 서초구 서초동 1650,127.01570631254455,37.48901793714103,서울특별시,서초구,2026-08-01T20:12:16.527Z
0000256,"인천광역시 계양구 계산로 62 (계산동, 경인교육대학교)",인천광역시 계양구 계산동 857-87,126.71612590913512,37.53889910168721,인천광역시,계양구,2026-08-01T20:12:16.527Z
0000257,"경기도 안양시 만안구 삼막로 155 (석수동, 경인교육대학교)",경기도 안양시 만안구 석수동 6-26,126.91688863224893,37.43450264215011,경기도,안양시,2026-08-01T20:12:16.527Z
0000258,전북특별자치도 전주시 완산구 서학로 50 (동서학동),전북특별자치도 전주시 완산구 동서학동 213,127.15348321434126,35.80740286992704,전북특별자치도,전주시,2026-08-01T20:12:16.527Z
0000260,"경상남도 진주시 진양호로369번길 3 (신안동, 진주교육대학교)",경상남도 진주시 신안동 380,128.06837431851918,35.1860462660286,경상남도,진주시,2026-08-01T20:12:16.527Z
0000261,"충청북도 청주시 서원구 청남로 2065 (수곡동, 청주교육대학교)",충청북도 청주시 서원구 수곡동 135-1,127.48372699027797,36.61538479466179,충청북도,청주시,2026-08-01T20:12:16.527Z
0000262,강원특별자치도 춘천시 공지로 126 (석사동),강원특별자치도 춘천시 석사동 339,127.7504426456909,37.85803058011874,강원특별자치도,춘천시,2026-08-01T20:12:16.527Z
0000263,"대전광역시 유성구 동서대로 125 (덕명동, 한밭대학교)",대전광역시 유성구 덕명동 16-1,127.29995061029467,36.35052998435395,대전광역시,유성구,2026-08-01T20:12:16.527Z
0000269,"경상남도 진주시 동진로 33 (칠암동, 경남과학기술대학교)",경상남도 진주시 칠암동 150-1,128.0930351729468,35.179792055740435,경상남도,진주시,2026-08-01T20:12:16.527Z
0000273,"서울특별시 종로구 대학로 86 (동숭동, 한국방송통신대학교)",서울특별시 종로구 동숭동 169-1,127.00267467164414,37.57844996712907,서울특별시,종로구,2026-08-01T20:12:16.527Z
0000276,"충청남도 천안시 서북구 성환읍 대학로 91 (매주리, 남서울대학교)",충청남도 천안시 서북구 성환읍 매주리 21,127.14477435445299,36.90734219552042,충청남도,천안시,2026-08-01T20:12:16.527Z
0000281,"대전광역시 동구 동대전로 171 (자양동, 우송정보대학)",대전광역시 동구 자양동 155-3,127.44646700149981,36.33813494441309,대전광역시,동구,2026-08-01T20:12:16.527Z
0000282,"전라북도 군산시 임피면 호원대3길 64 (월하리, 호원대학교)",전북특별자치도 군산시 임피면 월하리 727,126.86585224323507,35.96628242003152,전라북도,군산시,2026-08-01T20:12:16.527Z
0000284,"충청남도 홍성군 홍성읍 대학길 25 (남장리, 청운대학교)",충청남도 홍성군 홍성읍 남장리 392-1,126.6642698191869,36.58234043005308,충청남도,홍성군,2026-08-01T20:12:16.527Z
0000288,서울특별시 강서구 오정로 576 (공항동),서울특별시 강서구 공항동 369-2,126.81388431520132,37.54620569053397,서울특별시,강서구,2026-08-01T20:12:16.527Z
0000317,충청북도 제천시 덕산면 도전로 320 (도전리),충청북도 제천시 덕산면 도전리 486,128.1676396893609,36.90473454776017,충청북도,제천시,2026-08-01T20:12:16.527Z
0000318,"서울특별시 동대문구 경희대로 26 (회기동, 경희사이버대학교)",서울특별시 동대문구 회기동 1-5,127.05146101237986,37.594408964481374,서울특별시,동대문구,2026-08-01T20:12:16.527Z
0000319,경기도 수원시 팔달구 경수대로 490 (인계동),경기도 수원시 팔달구 인계동 950-12,127.02822331914584,37.26959367602272,경기도,수원시,2026-08-01T20:12:16.527Z
0000320,"경상북도 경산시 진량읍 대구대로 201 (내리리, 대구대학교경산캠퍼스)",경상북도 경산시 진량읍 내리리 15,128.8425529147892,35.903973449336156,경상북도,경산시,2026-08-01T20:12:16.527Z
0000321,"부산광역시 사상구 주례로 57 (주례동, 부산디지털대학교)",부산광역시 사상구 주례동 166-215,129.00881594799378,35.146185620658315,부산광역시,사상구,2026-08-01T20:12:16.527Z
0000322,"서울특별시 강서구 공항대로 424 (화곡동, 서울디지털대학교)",서울특별시 강서구 화곡동 1107-2,126.85393201380813,37.55486973536014,서울특별시,강서구,2026-08-01T20:12:16.527Z
0000323,"서울특별시 강북구 솔매로49길 60 (미아동, 서울사이버대학교)",서울특별시 강북구 미아동 193-15,127.02714255343514,37.629827101209216,서울특별시,강북구,2026-08-01T20:12:16.527Z
0000325,"서울특별시 광진구 군자로 121 (군자동, 세종사이버대학)",서울특별시 광진구 군자동 111-1,127.07288825546337,37.553728404952615,서울특별시,광진구,2026-08-01T20:12:16.527Z
0000326,"서울특별시 중랑구 망우로 353, C동 9층(상봉프레미어스엠코)",서울특별시 중랑구 상봉동 500,127.09161253926365,37.598282174289416,서울특별시,중랑구,2026-08-01T20:12:16.527Z
0000327,"전라북도 익산시 익산대로 460 (신동, 원광디지털대학교)",전북특별자치도 익산시 신동 272,126.96078843715507,35.96892320662204,전라북도,익산시,2026-08-01T20:12:16.527Z
0000328,"서울특별시 종로구 북촌로 106 (계동, 고려사이버대학교)",서울특별시 종로구 계동 1-21,126.98701813555272,37.58697251724258,서울특별시,종로구,2026-08-01T20:12:16.527Z
0000329,"서울특별시 종로구 삼일대로30길 23 (익선동, BIZWELL종로오피스텔)",서울특별시 종로구 익선동 34,126.98877078278554,37.57443153945566,서울특별시,종로구,2026-08-01T20:12:16.527Z
0000330,"서울특별시 서대문구 통일로37길 60 (홍제동, 디지털서울문화예술대학교)",서울특별시 서대문구 홍제동 318-18,126.94385494972929,37.585487062166564,서울특별시,서대문구,2026-08-01T20:12:16.527Z
0000331,"서울특별시 성동구 왕십리로 220 (행당동, 한양사이버대학교)",서울특별시 성동구 사근동 110,127.04755694709084,37.55724569701527,서울특별시,성동구,2026-08-01T20:12:16.527Z
0000332,서울특별시 동대문구 이문로 107 (이문동) 사이버한국외국어대학교,서울특별시 동대문구 이문동 270-1,127.05831344541863,37.597275776120796,서울특별시,동대문구,2026-08-01T20:12:16.527Z
0000333,"부산광역시 연제구 고분로191번길 1 (연산동, 화신사이버대학교)",부산광역시 연제구 연산동 411-2,129.10325695046527,35.185743022627875,부산광역시,연제구,2026-08-01T20:12:16.527Z
0000334,"충청남도 천안시 동남구 목천읍 교천지산길 284-88 (지산리, 글로벌사이버대학교)",충청남도 천안시 동남구 목천읍 지산리 189-4,127.19939588009171,36.79383879358497,충청남도,천안시,2026-08-01T20:12:16.527Z
0000335,"대전광역시 서구 관저동로 158 (관저동, 건양대학교병원) 건양사이버대학교",대전광역시 서구 관저동 1643,127.34264048665737,36.30682222962901,대전광역시,서구,2026-08-01T20:12:16.527Z
0000374,"대전광역시 유성구 대학로 291 (구성동, 한국과학기술원)",대전광역시 유성구 구성동 23,127.36030146141235,36.36620895353134,대전광역시,유성구,2026-08-01T20:12:16.527Z
0000381,"전남광주통합특별시 북구 첨단과기로 123 (오룡동, 광주과학기술원)",전남광주통합특별시 북구 오룡동 1,126.83732444904652,35.22886790265037,전남광주통합특별시,북구,2026-08-01T20:12:16.527Z
0000382,대구광역시 달성군 현풍읍 테크노중앙대로 333,대구광역시 달성군 현풍읍 상리 953,128.45625524949338,35.70492624842832,대구광역시,달성군,2026-08-01T20:12:16.527Z
0000383,"서울특별시 성북구 화랑로32길 146-37 (석관동, 한국종합예술학교)",서울특별시 성북구 석관동 409,127.05906754726696,37.60552683741581,서울특별시,성북구,2026-08-01T20:12:16.527Z
0000402,"경상남도 거창군 거창읍 거창대학로 72 (대평리, 경남도립거창대학)",경상남도 거창군 거창읍 김천리 164,127.91161897875065,35.673041326317225,경상남도,거창군,2026-08-01T20:12:16.527Z
0000403,"경상남도 남해군 남해읍 화전로78번길 30 (남변리, 경남도립남해대학)",경상남도 남해군 남해읍 남변리 162,127.8994820582451,34.83776936904613,경상남도,남해군,2026-08-01T20:12:16.527Z
0000405,"경상북도 예천군 예천읍 도립대학길 114 (청복리, 경북도립대학교)",경상북도 예천군 예천읍 청복리 947-1,128.45585874799815,36.64248390404343,경상북도,예천군,2026-08-01T20:12:16.527Z
0000406,충청북도 옥천군 옥천읍 대학길 15 (문정리),충청북도 옥천군 옥천읍 금구리 40-1,127.5721387666993,36.299999463456544,충청북도,옥천군,2026-08-01T20:12:16.527Z
0000410,"경상북도 안동시 상지길 45 (율세동, 가톨릭상지대학교)",경상북도 안동시 율세동 산 104,128.73604430094122,36.57004210509295,경상북도,안동시,2026-08-01T20:12:16.527Z
0000412,"경상남도 거제시 마전1길 91 (장승포동, 거제대학)",경상남도 거제시 일운면 옥림리 146-3,128.72554086946866,34.85129240966739,경상남도,거제시,2026-08-01T20:12:16.527Z
0000415,"경상북도 경산시 하양읍 대경로105길 19 (부호리, 호산대학교)",경상북도 경산시 하양읍 부호리 224-1,128.79839382953827,35.902311565010635,경상북도,경산시,2026-08-01T20:12:16.527Z
0000416,"경기도 의정부시 서부로 545 (가능동, 경민대학)",경기도 의정부시 가능동 572-1,127.02317210455698,37.745308850149684,경기도,의정부시,2026-08-01T20:12:16.527Z
0000418,"경상북도 경산시 남천면 남천로 780-9 (협석리, 영남외국어대학)",경상북도 경산시 남천면 협석리 220-4,128.73325521546167,35.78578058949526,경상북도,경산시,2026-08-01T20:12:16.527Z
0000422,"인천광역시 계양구 계양산로 63 (계산동, 경인여자대학)",인천광역시 계양구 계산동 548-4,126.72314210051782,37.54798156048118,인천광역시,계양구,2026-08-01T20:12:16.527Z
0000425,"대구광역시 달서구 달서대로 675 (신당동, 계명문화대학교)",대구광역시 달서구 신당동 700,128.48995474417833,35.86001556087835,대구광역시,달서구,2026-08-01T20:12:16.527Z
0000426,"경기도 의왕시 계원대학로 66 (내손동, 계원예술대학교)",경기도 의왕시 내손동 247,126.98034111044599,37.37871821117089,경기도,의왕시,2026-08-01T20:12:16.527Z
0000428,"전남광주통합특별시 광양시 광양읍 대학로 85 (덕례리, 광양보건대학)",전남광주통합특별시 광양시 광양읍 덕례리 654-1,127.56897798585304,34.95346606976372,전남광주통합특별시,광양시,2026-08-01T20:12:16.527Z
0000429,"전남광주통합특별시 광산구 북문대로419번길 73 (신창동, 광주보건대학)",전남광주통합특별시 광산구 신창동 683-3,126.84530116980866,35.19106538408565,전남광주통합특별시,광산구,2026-08-01T20:12:16.527Z
0000430,"경상북도 구미시 야은로 37 (부곡동, 구미대학교)",경상북도 구미시 부곡동 502-1,128.29032609633697,36.15319645407031,경상북도,구미시,2026-08-01T20:12:16.527Z
0000432,"전라북도 군산시 성산면 군장대길 13 (도암리, 군장대학)",전북특별자치도 군산시 성산면 도암리 608-8,126.78187907173907,35.99923949803075,전라북도,군산시,2026-08-01T20:12:16.527Z
0000433,"충청북도 음성군 감곡면 대학길 278 (단평리, 강동대학교)",충청북도 음성군 감곡면 단평리 154,127.64618030254265,37.143165446605096,충청북도,음성군,2026-08-01T20:12:16.527Z
0000435,"전남광주통합특별시 나주시 다시면 백호로 125 (복암리, 고구려대학)",전남광주통합특별시 나주시 다시면 복암리 837-8,126.64970608226932,35.00700071009095,전남광주통합특별시,나주시,2026-08-01T20:12:16.527Z
0000437,"전라북도 전주시 완산구 전주천서로 267 (중화산동1가, 전주기전대학)",전북특별자치도 전주시 완산구 중화산동1가 188-12,127.13635845006684,35.81704619841441,전라북도,전주시,2026-08-01T20:12:16.527Z
0000438,"경상북도 김천시 대학로 168 (삼락동, 경북보건대학교)",경상북도 김천시 삼락동 480,128.0842781088265,36.13857442129314,경상북도,김천시,2026-08-01T20:12:16.527Z
0000440,경기도 김포시 모담공원로 10 (운양동),경기도 김포시 운양동 1329-9,126.67936853293243,37.65143895868772,경기도,김포시,2026-08-01T20:12:16.527Z
0000441,"경기도 고양시 덕양구 서삼릉길 281 (원당동, 농협대학)",경기도 고양시 덕양구 원당동 198-201,126.8724656906403,37.65862191222455,경기도,고양시,2026-08-01T20:12:16.527Z
0000442,"경상북도 경산시 자인면 단북1길 65 (단북리, 대경대학)",경상북도 경산시 자인면 단북리 63,128.8213911453396,35.83427535191274,경상북도,경산시,2026-08-01T20:12:16.527Z
0000443,"대구광역시 달서구 송현로 205 (본동, 대구공업대학)",대구광역시 달서구 본동 830,128.54391116206432,35.83523328615156,대구광역시,달서구,2026-08-01T20:12:16.527Z
0000444,"대구광역시 북구 영송로 15 (태전동, 대구보건대학)",대구광역시 북구 태전동 산 6-6,128.5425521382519,35.92792434453435,대구광역시,북구,2026-08-01T20:12:16.527Z
0000446,"대구광역시 북구 영송로 47 (태전동, 대구과학대학)",대구광역시 북구 태전동 산 9-1,128.542763917164,35.92944502200095,대구광역시,북구,2026-08-01T20:12:16.527Z
0000447,"부산광역시 금정구 동부곡로27번길 88 (부곡동, 대동대학교)",부산광역시 금정구 부곡동 373-4,129.09591880707904,35.229135872673865,부산광역시,금정구,2026-08-01T20:12:16.527Z
0000448,"경기도 안양시 동안구 임곡로 29 (비산동, 대림대학교)",경기도 안양시 동안구 비산동 526-7,126.93083628524539,37.4043368031484,경기도,안양시,2026-08-01T20:12:16.527Z
0000449,"충청북도 제천시 대학로 316 (신월동, 대원대학)",충청북도 제천시 신월동 599,128.19062603727787,37.17686499690902,충청북도,제천시,2026-08-01T20:12:16.527Z
0000450,"경기도 성남시 수정구 복정로 76 (복정동, 동서울대학)",경기도 성남시 수정구 복정동 423-8,127.13056104121752,37.46034943887664,경기도,성남시,2026-08-01T20:12:16.527Z
0000451,"대전광역시 동구 충정로 21 (가양동, 대전보건대학)",대전광역시 동구 가양동 77-3,127.45306803772088,36.349079599270254,대전광역시,동구,2026-08-01T20:12:16.527Z
0000452,대전광역시 동구 백룡로 59(자양동 101-17) 우송정보대학,대전광역시 동구 자양동 17-2,127.45310943433697,36.33595743645146,대전광역시,동구,2026-08-01T20:12:16.527Z
0000453,"대전광역시 서구 혜천로 100 (복수동, 대전과학기술대학교)",대전광역시 서구 복수동 333,127.37634558477504,36.303475689019756,대전광역시,서구,2026-08-01T20:12:16.527Z
0000454,충청남도 보령시 주포면 대학길 106,충청남도 보령시 주포면 관산리 290-1,126.57957076620491,36.40350783142065,충청남도,보령시,2026-08-01T20:12:16.527Z
0000456,"경상북도 칠곡군 기산면 지산로 634 (봉산리, 경북과학대학교)",경상북도 칠곡군 기산면 봉산리 123,128.34641074112042,35.98250306133498,경상북도,칠곡군,2026-08-01T20:12:16.527Z
0000457,"경기도 수원시 장안구 천천로74번길 50 (정자동, 동남보건전문대학)",경기도 수원시 장안구 정자동 936-2,126.98711864383871,37.29970846241405,경기도,수원시,2026-08-01T20:12:16.527Z
0000460,"전남광주통합특별시 북구 동문대로 50 (풍향동, 동강대학)",전남광주통합특별시 북구 두암동 700-12,126.9219791242343,35.17029564157091,전남광주통합특별시,북구,2026-08-01T20:12:16.527Z
0000461,"경기도 안성시 삼죽면 동아예대길 47 (진촌리, 동아방송예술대학교)",경기도 안성시 삼죽면 진촌리 632-18,127.35810020993422,37.05899628094338,경기도,안성시,2026-08-01T20:12:16.527Z
0000462,"전남광주통합특별시 영암군 학산면 영산로 76-57 (독천리, 동아보건대학교)",전남광주통합특별시 영암군 학산면 독천리 산 22-1,126.56901337737744,34.73067641449448,전남광주통합특별시,영암군,2026-08-01T20:12:16.527Z
0000463,"서울특별시 구로구 경인로 445 (고척동, 동양미래대학)",서울특별시 구로구 고척동 62-160,126.86812194390774,37.500040259698835,서울특별시,구로구,2026-08-01T20:12:16.527Z
0000465,"경기도 광주시 곤지암읍 경충대로 26 (신촌리, 동원대학)",경기도 광주시 곤지암읍 신촌리 산 1-1,127.4038480024036,37.328938994151294,경기도,광주시,2026-08-01T20:12:16.527Z
0000466,"부산광역시 부산진구 양지로 54 (양정동, 동의과학대학)",부산광역시 부산진구 양정동 429-19,129.07377232781548,35.16639067813791,부산광역시,부산진구,2026-08-01T20:12:16.527Z
0000467,"부산광역시 사하구 사리로55번길 16 (괴정동, 동주대학)",부산광역시 사하구 괴정동 220-59,128.9973830362139,35.105257927408076,부산광역시,사하구,2026-08-01T20:12:16.527Z
0000469,"경기도 안성시 죽산면 관음당길 51 (장원리, 두원공과대학교)",경기도 안성시 죽산면 장원리 709,127.42409333362426,37.06484698223328,경기도,안성시,2026-08-01T20:12:16.527Z
0000470,"경상남도 창원시 마산회원구 내서읍 함마대로 2640 (용담리, 마산대학)",경상남도 창원시 마산회원구 내서읍 용담리 181-1,128.5040812682688,35.25890136652668,경상남도,창원시,2026-08-01T20:12:16.527Z
0000473,"서울특별시 서대문구 가좌로 134 (홍은동, 명지전문대학)",서울특별시 서대문구 홍은동 323-15,126.92606231717997,37.584096489720636,서울특별시,서대문구,2026-08-01T20:12:16.527Z
0000474,"전남광주통합특별시 목포시 영산로 413-1 (상동, 목포과학대학)",전남광주통합특별시 목포시 용해동 273-13,126.40910513005885,34.80764051031441,전남광주통합특별시,목포시,2026-08-01T20:12:16.527Z
0000475,경상북도 문경시 호계면 대학길 161 (별암리),경상북도 문경시 호계면 별암리 730,128.17408201375164,36.65875797471183,경상북도,문경시,2026-08-01T20:12:16.527Z
0000476,"서울특별시 종로구 필운대로1길 34 (필운동, 배화여자대학)",서울특별시 종로구 누하동 149,126.9681947106907,37.57901540686903,서울특별시,종로구,2026-08-01T20:12:16.527Z
0000477,"전라북도 완주군 봉동읍 백제대학로 171 (제내리, 백제예술대학)",전북특별자치도 완주군 봉동읍 제내리 1234,127.1259087374786,35.995547480184655,전라북도,완주군,2026-08-01T20:12:16.527Z
0000479,"부산광역시 연제구 고분로 170 (연산동, 부산경상대학)",부산광역시 연제구 연산동 277-4,129.09888787848143,35.18521807454956,부산광역시,연제구,2026-08-01T20:12:16.527Z
0000480,"부산광역시 부산진구 진남로 506 (양정동, 부산여자대학)",부산광역시 부산진구 양정동 74-161,129.07273399698565,35.16794776753344,부산광역시,부산진구,2026-08-01T20:12:16.527Z
0000481,"부산광역시 북구 시랑로132번길 88 (구포동, 부산과학기술대학교)",부산광역시 북구 구포동 870,129.0039362656495,35.19587802505788,부산광역시,북구,2026-08-01T20:12:16.527Z
0000482,"경기도 부천시 원미구 신흥로56번길 25 (심곡동, 부천대학)",경기도 부천시 원미구 심곡동 424,126.77982989628933,37.489831697162046,경기도,부천시,2026-08-01T20:12:16.527Z
0000483,"서울특별시 동대문구 망우로 82 (휘경동, 삼육보건대학) 삼육보건대학교",서울특별시 동대문구 휘경동 29-1,127.06583320611897,37.588758891187524,서울특별시,동대문구,2026-08-01T20:12:16.527Z
0000485,강원특별자치도 원주시 상지대길 83 (우산동),강원특별자치도 원주시 우산동 738,127.9312758528091,37.367707847037885,강원특별자치도,원주시,2026-08-01T20:12:16.527Z
0000489,"경기도 안산시 단원구 예술대학로 171 (고잔동, 서울예술대학)",경기도 안산시 단원구 고잔동 640-1,126.83683648237194,37.334410301668356,경기도,안산시,2026-08-01T20:12:16.527Z
0000490,서울특별시 중랑구 용마산로90길 28 (면목동),서울특별시 중랑구 면목동 49-3,127.09722313860036,37.58608224348042,서울특별시,중랑구,2026-08-01T20:12:16.527Z
0000493,"부산광역시 해운대구 반송순환로 142 (반송동, 영산대학교부산캠퍼스)",부산광역시 해운대구 반송동 248,129.15656370510453,35.22424005208005,부산광역시,해운대구,2026-08-01T20:12:16.527Z
0000496,"경기도 수원시 권선구 온정로 72 (오목천동, 수원여자대학)",경기도 수원시 권선구 오목천동 39-21,126.96374896936351,37.251011693266605,경기도,수원시,2026-08-01T20:12:16.527Z
0000497,"경기도 화성시 정남면 세자로 288 (보통리, 수원과학대학)",경기도 화성시 효행구 정남면 보통리 141-44,126.98127038043418,37.19243333848796,경기도,화성시,2026-08-01T20:12:16.527Z
0000498,"전남광주통합특별시 순천시 제일대학길 17 (덕월동, 순천제일대학)",전남광주통합특별시 순천시 덕월동 535,127.48429091496703,34.93364076500803,전남광주통합특별시,순천시,2026-08-01T20:12:16.527Z
0000500,"서울특별시 중구 소파로2길 10 (예장동, 숭의여자대학)",서울특별시 중구 예장동 8-3,126.98759899033695,37.55733174664654,서울특별시,중구,2026-08-01T20:12:16.527Z
0000501,"경기도 성남시 중원구 광명로 377 (금광동, 신구대학)",경기도 성남시 중원구 금광동 2685,127.16784173736673,37.447324464746245,경기도,성남시,2026-08-01T20:12:16.527Z
0000502,"충청남도 당진시 정미면 대학로 1 (덕마리, 신성대학교)",충청남도 당진시 정미면 덕마리 230-2,126.59331936923937,36.8524931208457,충청남도,당진시,2026-08-01T20:12:16.527Z
0000506,"경기도 안산시 단원구 신안산대학로 135 (초지동, 신안산대학교)",경기도 안산시 단원구 초지동 671,126.80798007033172,37.30912909942461,경기도,안산시,2026-08-01T20:12:16.527Z
0000507,"경기도 안산시 상록구 안산대학로 155 (일동, 안산대학교)",경기도 안산시 상록구 일동 752,126.87805811635897,37.30928708055616,경기도,안산시,2026-08-01T20:12:16.527Z
0000509,"경상남도 양산시 명곡로 321 (명곡동, 동원과학기술대학교)",경상남도 양산시 명곡동 922-2,129.0687132552893,35.34362799660135,경상남도,양산시,2026-08-01T20:12:16.527Z
0000510,"경기도 여주시 세종로 338 (교동, 여주대학교)",경기도 여주시 교동 454-4,127.6322762339012,37.26955872195319,경기도,여주시,2026-08-01T20:12:16.527Z
0000512,"충청남도 천안시 서북구 성환읍 연암로 313 (수향리, 천안연암대학)",충청남도 천안시 서북구 성환읍 수향리 95-3,127.15436414294095,36.95151130668487,충청남도,천안시,2026-08-01T20:12:16.527Z
0000513,"대구광역시 남구 현충로 170 (대명동, 영남이공대학)",대구광역시 남구 대명동 322,128.58442353481968,35.845656849487796,대구광역시,남구,2026-08-01T20:12:16.527Z
0000514,강원특별자치도 강릉시 공제로 357 (홍제동),강원특별자치도 강릉시 홍제동 1009,128.8579607362774,37.74573443968873,강원특별자치도,강릉시,2026-08-01T20:12:16.527Z
0000515,강원특별자치도 영월군 영월읍 하송로 197,강원특별자치도 영월군 영월읍 하송리 산 57,128.45209090978344,37.17520449487057,강원특별자치도,영월군,2026-08-01T20:12:16.527Z
0000517,"대구광역시 북구 복현로 35 (복현동, 영진전문대학)",대구광역시 북구 복현동 218,128.62192617680626,35.89674057607597,대구광역시,북구,2026-08-01T20:12:16.527Z
0000520,"경기도 용인시 처인구 동부로 61 (마평동, 용인송담대학교)",경기도 용인시 처인구 마평동 961,127.21817095165561,37.22921953455622,경기도,용인시,2026-08-01T20:12:16.527Z
0000521,"울산광역시 동구 봉수로 101 (화정동, 울산과학대학동부캠퍼스)",울산광역시 동구 화정동 74,129.41746094303588,35.49813342222672,울산광역시,동구,2026-08-01T20:12:16.527Z
0000522,"세종특별자치시 장군면 대학길 300 (금암리, 한국영상대학)",세종특별자치시  장군면 금암리 180-1,127.20924043113737,36.46355568744103,세종특별자치시,장군,2026-08-01T20:12:16.527Z
0000523,"전라북도 익산시 익산대로 514 (신용동, 원광보건대학)",전북특별자치도 익산시 신용동 345-13,126.95555319281627,35.97196484043718,전라북도,익산시,2026-08-01T20:12:16.527Z
0000524,"경기도 부천시 소사구 경인로 590 (괴안동, 유한대학)",경기도 부천시 소사구 괴안동 185-34,126.82044403423669,37.487643376940326,경기도,부천시,2026-08-01T20:12:16.527Z
0000525,"서울특별시 노원구 초안산로 12 (월계동, 인덕대학)",서울특별시 노원구 월계동 648-7,127.05604152528363,37.632459255768005,서울특별시,노원구,2026-08-01T20:12:16.527Z
0000527,"경기도 화성시 봉담읍 삼천병마로 1182 (상리, 장안대학)",경기도 화성시 효행구 봉담읍 상리 460,126.94747108002795,37.21299057590613,경기도,화성시,2026-08-01T20:12:16.527Z
0000529,전남광주통합특별시 곡성군 옥과면 대학로 113 (옥과리),전남광주통합특별시 곡성군 옥과면 옥과리 285,127.13202044439622,35.276526708818025,전남광주통합특별시,곡성군,2026-08-01T20:12:16.527Z
0000530,"전라북도 전주시 완산구 천잠로 235 (효자동2가, 전주비전대학)",전북특별자치도 전주시 완산구 효자동2가 1070,127.09190455810663,35.80884372563773,전라북도,전주시,2026-08-01T20:12:16.527Z
0000531,전북특별자치도 정읍시 정읍사로 509 (시기동),전북특별자치도 정읍시 신월동 산 31-4,126.86074315411582,35.54698608355048,전북특별자치도,정읍시,2026-08-01T20:12:16.527Z
0000532,"제주특별자치도 제주시 애월읍 평화로 2715 (광령리, 제주관광대학)",제주특별자치도 제주시 애월읍 광령리 2615,126.43453417534579,33.44705578176624,제주특별자치도,제주시,2026-08-01T20:12:16.527Z
0000534,전남광주통합특별시 동구 조선이공대길 11(서석동) 조선이공대학교,전남광주통합특별시 동구 서석동 240,126.93165801696296,35.139819632074136,전남광주통합특별시,동구,2026-08-01T20:12:16.527Z
0000536,"충청북도 청주시 청원구 내수읍 덕암길 10 (덕암리, 충북보건과학대학교)",충청북도 청주시 청원구 내수읍 덕암리 669,127.55278636949394,36.701750719110336,충청북도,청주시,2026-08-01T20:12:16.527Z
0000539,"경상남도 진주시 의병로 51 (상봉동, 진주보건대학)",경상남도 진주시 유곡동 160,128.0680326304805,35.197489396010766,경상남도,진주시,2026-08-01T20:12:16.527Z
0000541,"경상남도 창원시 마산회원구 팔용로 262 (합성동, 창신대학)",경상남도 창원시 마산회원구 합성동 1,128.60033408920586,35.24491111824501,경상남도,창원시,2026-08-01T20:12:16.527Z
0000542,경상남도 창원시 성산구 충혼로 91(두대동),경상남도 창원시 성산구 두대동 산 65-8,128.66025040880828,35.23224698347177,경상남도,창원시,2026-08-01T20:12:16.527Z
0000543,충청남도 천안시 동남구 백석대학로 1 (안서동),충청남도 천안시 동남구 안서동 115,127.1857097375615,36.83934360947134,충청남도,천안시,2026-08-01T20:12:16.527Z
0000544,"경기도 이천시 마장면 청강가창로 389-94 (해월리, 청강문화산업대학)",경기도 이천시 마장면 해월리 33,127.35667773822395,37.20635278008335,경기도,이천시,2026-08-01T20:12:16.527Z
0000545,"울산광역시 울주군 웅촌면 대학길 9 (곡천리, 춘해보건대학)",울산광역시 울주군 웅촌면 곡천리 677,129.19752458833574,35.458304214724556,울산광역시,울주군,2026-08-01T20:12:16.527Z
0000546,"대전광역시 유성구 가정북로 68 (장동, 대덕대학)",대전광역시 유성구 장동 48,127.36556527968101,36.39132392240991,대전광역시,유성구,2026-08-01T20:12:16.527Z
0000547,"충청북도 청주시 흥덕구 강내면 월곡길 38 (월곡리, 충청대학)",충청북도 청주시 흥덕구 강내면 월곡리 301-3,127.36714047109719,36.62148509829987,충청북도,청주시,2026-08-01T20:12:16.527Z
0000548,강원특별자치도 태백시 대학길 97 (황지동),강원특별자치도 태백시 황지동 441,128.97541649862487,37.16265742798106,강원특별자치도,태백시,2026-08-01T20:12:16.527Z
0000549,"경기도 평택시 장안웃길 56 (장안동, 국제대학교)",경기도 평택시 장안동 353,127.08110607730347,37.06608394423225,경기도,평택시,2026-08-01T20:12:16.527Z
0000550,경상북도 포항시 북구 흥해읍 선린대길 30 선린대학교,경상북도 포항시 북구 흥해읍 초곡리 산 38-34,129.33233530987172,36.09187031829137,경상북도,포항시,2026-08-01T20:12:16.527Z
0000553,강원특별자치도 춘천시 동면 장학길 48,강원특별자치도 춘천시 동면 장학리 산 37-17,127.75643538542184,37.89943516254935,강원특별자치도,춘천시,2026-08-01T20:12:16.527Z
0000554,"서울특별시 성동구 살곶이길 200 (사근동, 한양여자대학)",서울특별시 성동구 사근동 110,127.0499952545277,37.55913764590071,서울특별시,성동구,2026-08-01T20:12:16.527Z
0000555,"전남광주통합특별시 여수시 장군산길 18-43 (여서동, 한영대학)",전남광주통합특별시 여수시 여서동 61,127.71488749135193,34.75371367497907,전남광주통합특별시,여수시,2026-08-01T20:12:16.527Z
0000556,충청남도 홍성군 홍성읍 대학1길 19,충청남도 홍성군 홍성읍 남장리 392-1,126.65916996345385,36.579785957367434,충청남도,홍성군,2026-08-01T20:12:16.527Z
0000560,"경기도 시흥시 경기과기대로 269 (정왕동, 경기과학기술대학교)",경기도 시흥시 정왕동 2121-3,126.73586849099334,37.338625575154914,경기도,시흥시,2026-08-01T20:12:16.527Z
0000561,"부산광역시 남구 못골번영로71번길 74 (대연동, 부산예술대학)",부산광역시 남구 대연동 1552,129.08486452443606,35.14265804585372,부산광역시,남구,2026-08-01T20:12:16.527Z
0000562,"전남광주통합특별시 담양군 담양읍 죽녹원로 152 (향교리, 전남도립대학)",전남광주통합특별시 담양군 담양읍 향교리 262-2,126.9888792892992,35.326532830251,전남광주통합특별시,담양군,2026-08-01T20:12:16.527Z
0000564,강원특별자치도 횡성군 횡성읍 남산로 210,강원특별자치도 횡성군 횡성읍 남산리 69-1,128.00121795278255,37.47076178606526,강원특별자치도,횡성군,2026-08-01T20:12:16.527Z
0000565,"경기도 이천시 신둔면 이장로311번길 197-73 (고척리, 한국관광대학)",경기도 이천시 신둔면 고척리 363-10,127.37683612825899,37.28332937995454,경기도,이천시,2026-08-01T20:12:16.527Z
0000566,경기도 양주시 은현면 서정로 27,경기도 양주시 은현면 용암리 681-1,127.03780339892904,37.85646543272463,경기도,양주시,2026-08-01T20:12:16.527Z
0000567,강원특별자치도 춘천시 남산면 송곡대학길 34,강원특별자치도 춘천시 남산면 창촌리 1,127.65311184780803,37.79191226407847,강원특별자치도,춘천시,2026-08-01T20:12:16.527Z
0000568,"경기도 파주시 탄현면 웅지로144번길 73 (금승리, 웅지세무대학)",경기도 파주시 탄현면 금승리 536-2,126.73572454876272,37.81874357699393,경기도,파주시,2026-08-01T20:12:16.527Z
0000569,"경상남도 김해시 삼안로112번길 198 (삼방동, 김해대학교)",경상남도 김해시 삼방동 산 77-9,128.9130459189829,35.254141232802176,경상남도,김해시,2026-08-01T20:12:16.527Z
0000570,"경상남도 거창군 거창읍 운정1길 120 (송정리, 한국승강기대학)",경상남도 거창군 거창읍 송정리 700,127.89667893285079,35.67472558171117,경상남도,거창군,2026-08-01T20:12:16.527Z
0000575,"대구광역시 북구 복현로 35 (복현동, 영진전문대학)",대구광역시 북구 복현동 218,128.62192617680626,35.89674057607597,대구광역시,북구,2026-08-01T20:12:16.527Z
0000576,경상북도 경산시 남천면 남천로 746-10 (협석리),경상북도 경산시 남천면 협석리 140,128.72953934572666,35.78475581528579,경상북도,경산시,2026-08-01T20:12:16.527Z
0000578,강원특별자치도 횡성군 우천면 하대5길 109 한국골프과학기술대학교,강원특별자치도 횡성군 우천면 하대리 281-1,128.0766756288387,37.46715388098644,강원특별자치도,횡성군,2026-08-01T20:12:16.527Z
0000579,경기도 광주시 순암로 16-26 (역동) ICT폴리텍대학,경기도 광주시 역동 181-3,127.24803978688641,37.39638723954084,경기도,광주시,2026-08-01T20:12:16.527Z
0000584,"서울특별시 용산구 보광로 73 (보광동, 한국폴리텍1대학서울정수캠퍼스)",서울특별시 용산구 보광동 238-2,126.9966290508795,37.528435754718416,서울특별시,용산구,2026-08-01T20:12:16.527Z
0000585,"서울특별시 강서구 우장산로10길 112 (화곡동, 한국폴리텍Ⅰ서울강서대학)",서울특별시 강서구 화곡동 산 60-1,126.8432068843963,37.54923031912503,서울특별시,강서구,2026-08-01T20:12:16.527Z
0000586,"경기도 성남시 수정구 수정로 398 (산성동, 한국폴리텍I대학성남캠퍼스)",경기도 성남시 수정구 산성동 4,127.15331265106482,37.45890916701163,경기도,성남시,2026-08-01T20:12:16.527Z
0000589,"인천광역시 부평구 무네미로448번길 56 (구산동, 한국폴리텍Ⅱ대학)",인천광역시 부평구 구산동 39-1,126.75521331478694,37.478295476408064,인천광역시,부평구,2026-08-01T20:12:16.527Z
0000593,강원특별자치도 춘천시 동산면 영서로 1290-31,강원특별자치도 춘천시 동산면 원창리 70,127.77944443720398,37.79870384809817,강원특별자치도,춘천시,2026-08-01T20:12:16.527Z
0000594,강원특별자치도 강릉시 남산초교길 121 (노암동) 한국폴리텍대학 강릉캠퍼스,강원특별자치도 강릉시 노암동 779,128.89110203244007,37.736894769078134,강원특별자치도,강릉시,2026-08-01T20:12:16.527Z
0000603,"대전광역시 동구 우암로 352-21 (가양동, 한국폴리텍IV대학)",대전광역시 동구 가양동 91-2,127.45531026927898,36.35128058116014,대전광역시,동구,2026-08-01T20:12:16.527Z
0000604,"충청북도 청주시 흥덕구 산단로 54 (송정동, 한국폴리텍Ⅳ대학청주캠퍼스)",충청북도 청주시 흥덕구 송정동 47,127.44775882936999,36.639420844382286,충청북도,청주시,2026-08-01T20:12:16.527Z
0000606,"충청남도 아산시 신창면 행목로 45 (행목리, 한국폴리텍Ⅳ대학아산캠퍼스)",충청남도 아산시 신창면 행목리 323,126.94924894843707,36.7721450280106,충청남도,아산시,2026-08-01T20:12:16.527Z
0000607,충청남도 홍성군 홍성읍 충서로 1200 한국폴리텍대학 충남캠퍼스,충청남도 홍성군 홍성읍 남장리 220-1,126.65656617967694,36.58283774499678,충청남도,홍성군,2026-08-01T20:12:16.527Z
0000616,"전남광주통합특별시 북구 하서로 85 (운암동, 한국폴리텍V대학)",전남광주통합특별시 북구 운암동 237-35,126.87961835073813,35.18423467069148,전남광주통합특별시,북구,2026-08-01T20:12:16.527Z
0000617,"전라북도 김제시 백학제길 154 (백학동, 한국폴리텍V대학)",전북특별자치도 김제시 백학동 84,126.94042256126669,35.810279212664696,전라북도,김제시,2026-08-01T20:12:16.527Z
0000619,전남광주통합특별시 무안군 청계면 영산로 1854-16 한국폴리텍V대학 전남캠퍼스,전남광주통합특별시 무안군 청계면 상마리 14-1,126.43016682507555,34.92323489091684,전남광주통합특별시,무안군,2026-08-01T20:12:16.527Z
0000620,"전라북도 익산시 선화로 579 (어양동, 한국폴리텍V대학)",전북특별자치도 익산시 어양동 16,126.99149147938256,35.95115246484289,전라북도,익산시,2026-08-01T20:12:16.527Z
0000623,"대구광역시 서구 국채보상로43길 15 (평리동, 한국폴리텍6대학)",대구광역시 서구 평리동 1495,128.5529921608706,35.872871373504395,대구광역시,서구,2026-08-01T20:12:16.527Z
0000624,"경상북도 구미시 수출대로3길 84 (공단동, 한국폴리텍ⅵ대학구미캠퍼스)",경상북도 구미시 공단동 112,128.37312397146226,36.11811897307143,경상북도,구미시,2026-08-01T20:12:16.527Z
0000631,"경상남도 창원시 성산구 외동반림로 51-88 (중앙동, 한국폴리텍VII대학)",경상남도 창원시 성산구 중앙동 110-1,128.6691554200479,35.226028444508266,경상남도,창원시,2026-08-01T20:12:16.527Z
0000632,"부산광역시 북구 만덕대로155번길 99 (덕천동, 한국폴리텍VII대학부산캠퍼스)",부산광역시 북구 덕천동 22,129.0197601469036,35.21661247582145,부산광역시,북구,2026-08-01T20:12:16.527Z
0000633,"울산광역시 중구 산전길 155 (동동, 한국폴리텍7대학울산캠퍼스)",울산광역시 중구 동동 81-15,129.3474670437854,35.579725742445056,울산광역시,중구,2026-08-01T20:12:16.527Z
0000635,충청남도 논산시 강경읍 동안로112번길 48,충청남도 논산시 강경읍 채운리 315-1,127.02099213418921,36.1450957165797,충청남도,논산시,2026-08-01T20:12:16.527Z
0000636,대구광역시 동구 팔공로 222(봉무동),대구광역시 동구 봉무동 1558,128.6425454917507,35.919556651444374,대구광역시,동구,2026-08-01T20:12:16.527Z
0000637,경기도 안성시 공도읍 송원길 41-12,경기도 안성시 공도읍 만정리 349-6,127.17538794245849,37.00831744755325,경기도,안성시,2026-08-01T20:12:16.527Z
0000638,"경상남도 사천시 대학길 46 (이금동, 한국폴리텍항공대학)",경상남도 사천시 이금동 438,128.10798714233042,34.94784343428667,경상남도,사천시,2026-08-01T20:12:16.527Z
0000640,"세종특별자치시 남세종로 263 (반곡동, 한국개발연구원)",세종특별자치시  반곡동 1042,127.30969172507021,36.48109573923708,세종특별자치시,"남세종로 263 (반곡동, 한국개발연구",2026-08-01T20:12:16.527Z
0000641,경기도 안양시 만안구 경수대로1406번길 30 (석수동),경기도 안양시 만안구 석수동 381-1,126.90513857154664,37.43209762975884,경기도,안양시,2026-08-01T20:12:16.527Z
0000642,"서울특별시 영등포구 가마산로 359 (대림동, 베뢰아대학원대학교)",서울특별시 영등포구 대림동 665-10,126.89825066658776,37.50091586661368,서울특별시,영등포구,2026-08-01T20:12:16.527Z
0000643,대전광역시 중구 동서대로1327번길 40 (용두동) 건신대학원대학교,대전광역시 중구 용두동 128-1,127.40585636497536,36.330908213168,대전광역시,중구,2026-08-01T20:12:16.527Z
0000644,"인천광역시 남동구 석정로 543 (간석동, 성산효대학원대학교)",인천광역시 남동구 간석동 614-6,126.6960109071599,37.46639973652039,인천광역시,남동구,2026-08-01T20:12:16.527Z
0000645,"전라북도 익산시 익산대로33길 23 (신용동, 원불교대학원대학교)",전북특별자치도 익산시 신용동 320-1,126.95283632940799,35.975358973113345,전라북도,익산시,2026-08-01T20:12:16.527Z
0000646,"경기도 용인시 기흥구 동백죽전대로 201-11 (중동, 웨스트민스터신학대학교)",경기도 용인시 기흥구 중동 38-1,127.15823907053765,37.25894068614995,경기도,용인시,2026-08-01T20:12:16.527Z
0000647,"경기도 수원시 영통구 광교중앙로 50 (원천동, 합동신학대학원대학교)",경기도 수원시 영통구 원천동 49-16,127.05316311260569,37.28010510563517,경기도,수원시,2026-08-01T20:12:16.527Z
0000648,"서울특별시 서초구 바우뫼로31길 70 (양재동, 횃불트리니티신학대학원대학교)",서울특별시 서초구 양재동 55,127.03392426643688,37.47948791616153,서울특별시,서초구,2026-08-01T20:12:16.527Z
0000649,서울특별시 관악구 남부순환로 1548(신림동) 수도국제대학원대학교,서울특별시 관악구 신림동 1577-5,126.92266417768354,37.48299313907545,서울특별시,관악구,2026-08-01T20:12:16.527Z
0000650,"서울특별시 동작구 신대방14가길 45-1 (신대방동, 서울성경신학대학교)",서울특별시 동작구 신대방동 632-57,126.91369064477556,37.4903129335062,서울특별시,동작구,2026-08-01T20:12:16.527Z
0000651,서울특별시 서초구 남부순환로337가길 49 (서초동),서울특별시 서초구 서초동 1434-4,127.02374405295161,37.484205684446096,서울특별시,서초구,2026-08-01T20:12:16.527Z
0000653,서울특별시 영등포구 영신로34길 18 (영등포동4가),서울특별시 영등포구 영등포동4가 134-2,126.90314213907756,37.51950422225811,서울특별시,영등포구,2026-08-01T20:12:16.527Z
0000655,"경기도 고양시 덕양구 내유길 230 (내유동, 국제법률경영대학원)",경기도 고양시 덕양구 내유동 300,126.86807784085008,37.72677210069055,경기도,고양시,2026-08-01T20:12:16.527Z
0000656,서울특별시 강동구 양재대로81길 89 (성내동),서울특별시 강동구 성내동 448-10,127.12952052746957,37.52416247126921,서울특별시,강동구,2026-08-01T20:12:16.527Z
0000657,"충청남도 천안시 동남구 목천읍 교천지산길 284-31 (지산리, 국제뇌교육종합대학원대학교)",충청남도 천안시 동남구 목천읍 지산리 167,127.19543911950645,36.79281132368175,충청남도,천안시,2026-08-01T20:12:16.527Z
0000658,"서울특별시 금천구 독산로70길 8 (독산동, 서울불교대학원대학교)",서울특별시 금천구 독산동 1038-2,126.90229908078874,37.46638326841223,서울특별시,금천구,2026-08-01T20:12:16.527Z
0000659,"서울특별시 서초구 남부순환로356길 85 (양재동, 서울외국어대학원대학교)",서울특별시 서초구 양재동 17-7,127.03894785480927,37.481276415975614,서울특별시,서초구,2026-08-01T20:12:16.527Z
0000660,"서울특별시 강남구 봉은사로 405 (삼성동, 서울벤처정보대학원대학교)",서울특별시 강남구 삼성동 37-18,127.04436870133459,37.510774062942204,서울특별시,강남구,2026-08-01T20:12:16.527Z
0000661,"경기도 이천시 대월면 대평로 548-123 (장평리, 성서침례대학교)",경기도 이천시 대월면 장평리 280-5,127.52812999960446,37.20890085707976,경기도,이천시,2026-08-01T20:12:16.527Z
0000662,"경기도 고양시 덕양구 대양로285번길 33-7 (고양동, 에스라성경대학원대학교)",경기도 고양시 덕양구 고양동 292,126.89451769105824,37.703242766136654,경기도,고양시,2026-08-01T20:12:16.527Z
0000663,"서울특별시 강북구 도봉로 235 (미아동, 개신대학원대학교)",서울특별시 강북구 미아동 203-8,127.02452058798274,37.629583985328026,서울특별시,강북구,2026-08-01T20:12:16.527Z
0000664,"대전광역시 유성구 가정로 217 (가정동, UST)",대전광역시 유성구 가정동 176,127.36743312846268,36.38491061713647,대전광역시,유성구,2026-08-01T20:12:16.527Z
0000666,"서울특별시 서대문구 이화여대2길 46 (대현동, 서울아카데미빌딩)",서울특별시 서대문구 대현동 67-7,126.94852377005496,37.557393673104215,서울특별시,서대문구,2026-08-01T20:12:16.527Z
0000667,경기도 가평군 설악면 미사리로 324-211 선학유피대학원대학교,경기도 가평군 설악면 송산리 1-1,127.54247176832465,37.68886154161639,경기도,가평군,2026-08-01T20:12:16.527Z
0000668,"경상북도 안동시 북후면 물한길 16-29 (물한리, 경안신학대학원대학교)",경상북도 안동시 북후면 물한리 652-10,128.7044916289576,36.65678050876059,경상북도,안동시,2026-08-01T20:12:16.527Z
0000669,"서울특별시 성북구 성북로28길 60 (성북동, 동방대학원대학교)",서울특별시 성북구 성북동 292-1,126.99169340864788,37.59682307495855,서울특별시,성북구,2026-08-01T20:12:16.527Z
0000670,서울특별시 종로구 북촌로15길 2 (삼청동),서울특별시 종로구 삼청동 28-7,126.98356942456616,37.58603582492691,서울특별시,종로구,2026-08-01T20:12:16.527Z
0000671,"서울특별시 관악구 과천대로 927 (남현동, 대한하나님의성회)",서울특별시 관악구 남현동 602-127,126.9818482278632,37.473416243479036,서울특별시,관악구,2026-08-01T20:12:16.527Z
0000672,경기도 이천시 신둔면 인배로145번길 23 실천신학대학원대학교,경기도 이천시 신둔면 인후리 9-2,127.38195227935111,37.31466414241195,경기도,이천시,2026-08-01T20:12:16.527Z
0000673,"서울특별시 강남구 역삼로 405 (대치동, 한림국제대학원대학교제1관)",서울특별시 강남구 대치동 907-13,127.0514260090307,37.50097771232852,서울특별시,강남구,2026-08-01T20:12:16.527Z
0000676,"서울특별시 용산구 임정로 17 (효창동, 한반도국제대학원대학교)",서울특별시 용산구 효창동 5-357,126.96012838692323,37.54308178639475,서울특별시,용산구,2026-08-01T20:12:16.527Z
0000677,서울특별시 마포구 월드컵북로 402 (상암동),서울특별시 마포구 상암동 1601,126.88893609933632,37.58018912231637,서울특별시,마포구,2026-08-01T20:12:16.527Z
0000678,"서울특별시 종로구 율곡로 154 (원남동, 용문빌딩)",서울특별시 종로구 원남동 150-2,126.99592877580164,37.576077135191234,서울특별시,종로구,2026-08-01T20:12:16.527Z
0000679,"서울특별시 서초구 효령로 366 (서초동, 한국상담대학원대학교)",서울특별시 서초구 서초동 1437-1,127.02396835031229,37.48690316215458,서울특별시,서초구,2026-08-01T20:12:16.527Z
0000680,"인천광역시 미추홀구 석바위로74번길 11 (주안동, 주안대학원대학교)",인천광역시 미추홀구 주안동 171-2,126.68146740715343,37.460480097729906,인천광역시,미추홀구,2026-08-01T20:12:16.527Z
0000681,울산광역시 울주군 서생면 해맞이로 658-91 (신암리),울산광역시 울주군 서생면 신암리 1456,129.31090058981744,35.33201702085437,울산광역시,울주군,2026-08-01T20:12:16.527Z
0000683,"경기도 성남시 분당구 하오개로 323 (운중동, 한국학중앙연구원)",경기도 성남시 분당구 운중동 490,127.05328380321728,37.394188313259974,경기도,성남시,2026-08-01T20:12:16.527Z
0002573,강원특별자치도 속초시 도리원길 5 (노학동),강원특별자치도 속초시 노학동 635-1,128.55165007141176,38.19355555511113,강원특별자치도,속초시,2026-08-01T20:12:16.527Z
0002574,강원특별자치도 원주시 문막읍 견훤로 815,강원특별자치도 원주시 문막읍 후용리 882,127.79230330032595,37.26473244153854,강원특별자치도,원주시,2026-08-01T20:12:16.527Z
0002639,강원특별자치도 강릉시 주문진읍 연주로 270,강원특별자치도 강릉시 주문진읍 교항리 48-160,128.83117381017894,37.87672182379251,강원특별자치도,강릉시,2026-08-01T20:12:16.527Z
0002640,"부산광역시 사상구 주례로 45 (주례동, 경남정보대학교)",부산광역시 사상구 주례동 166-206,129.01120853196664,35.146557113839265,부산광역시,사상구,2026-08-01T20:12:16.527Z
0002641,"경기도 남양주시 진접읍 경복대로 425 (금곡리, 경복대학교)",경기도 남양주시 진접읍 금곡리 383,127.21160361286917,37.735102871905795,경기도,남양주시,2026-08-01T20:12:16.527Z
0002642,"경상북도 영주시 대학로 77 (휴천동, 경북전문대학교)",경상북도 영주시 휴천동 630,128.6156411427105,36.80402514475081,경상북도,영주시,2026-08-01T20:12:16.527Z
0002643,"경기도 광주시 초월읍 진새골길 151-30 (대쌍령리, 계약신학대학원대학교)",경기도 광주시 초월읍 대쌍령리 445-21,127.27606356138963,37.37961432725186,경기도,광주시,2026-08-01T20:12:16.527Z
0002645,"경상북도 경주시 태종로 478-20 (충효동, 서라벌대학)",경상북도 경주시 충효동 444,129.1822012492011,35.841785325317545,경상북도,경주시,2026-08-01T20:12:16.527Z
0002646,"전남광주통합특별시 북구 서강로 1 (운암동, 서영대학교)",전남광주통합특별시 북구 운암동 789-20,126.86945604089345,35.174960068391535,전남광주통합특별시,북구,2026-08-01T20:12:16.527Z
0002647,경상북도 영천시 신녕면 대학길 105,경상북도 영천시 신녕면 화남리 1135-5,128.76141598709165,36.06421086584973,경상북도,영천시,2026-08-01T20:12:16.527Z
0002649,"대구광역시 수성구 달구벌대로528길 15 (만촌동, 수성대학교)",대구광역시 수성구 만촌동 산 391,128.64812432989828,35.85397240854698,대구광역시,수성구,2026-08-01T20:12:16.527Z
0002650,"경상북도 안동시 서후면 서선길 189 (교리, 안동과학대학교)",경상북도 안동시 서후면 교리 496,128.6557361999267,36.59138297664799,경상북도,안동시,2026-08-01T20:12:16.527Z
0002651,"경기도 안양시 만안구 양화로37번길 34 (안양동, 연성대학교)",경기도 안양시 만안구 안양동 922-1,126.90701103606503,37.39641923936206,경기도,안양시,2026-08-01T20:12:16.527Z
0002652,"경남 진주시 진주대로 629번길 35(가좌동, 연암공과대학교)",경상남도 진주시 가좌동 780,128.09809544803613,35.16415649291834,,,2026-08-01T20:12:16.527Z
0002653,"경기도 오산시 청학로 45 (청학동, 오산대학)",경기도 오산시 청학동 17,127.05830550329898,37.156429283505894,경기도,오산시,2026-08-01T20:12:16.527Z
0002654,"인천광역시 미추홀구 인하로 100 (용현동, 인하대,인하공전,정석항공고) 인하공업전문대학",인천광역시 미추홀구 용현동 703,126.65882410888811,37.447782658192054,인천광역시,미추홀구,2026-08-01T20:12:16.527Z
0002655,"제주특별자치도 제주시 한라대학로 38 (노형동, 제주한라대학)",제주특별자치도 제주시 노형동 1534,126.47486627457468,33.477164895094475,제주특별자치도,제주시,2026-08-01T20:12:16.527Z
0002656,"전남광주통합특별시 순천시 녹색로 1641 (덕월동, 순천청암대학)",전남광주통합특별시 순천시 덕월동 340-1,127.49023037298689,34.928529100767676,전남광주통합특별시,순천시,2026-08-01T20:12:16.527Z
0002657,"충청남도 청양군 청양읍 학사길 55 (벽천리, 충남도립대학교)",충청남도 청양군 청양읍 벽천리 89-7,126.80178353419623,36.43819162609552,충청남도,청양군,2026-08-01T20:12:16.527Z
0002658,경상북도 포항시 북구 흥해읍 포항대학로 7,경상북도 포항시 북구 흥해읍 죽천리 산 63,129.41095185042602,36.08723664597493,경상북도,포항시,2026-08-01T20:12:16.527Z
0002660,"인천광역시 연수구 아카데미로 119 (송도동, 인천대학교)",인천광역시 연수구 송도동 12-1,126.63251429718152,37.37803467293007,인천광역시,연수구,2026-08-01T20:12:16.527Z
0002668,"경기도 파주시 파평면 파산서원길 64-68 (눌노리, 제네바신학대학원대학교)",경기도 파주시 파평면 눌노리 268-18,126.85887489352746,37.936026843668785,경기도,파주시,2026-08-01T20:12:16.527Z
0002674,"경상북도 영주시 가흥로 2 (문정동, 한국폴리텍VI대학)",경상북도 영주시 문정동 580,128.6009107950752,36.80094262392312,경상북도,영주시,2026-08-01T20:12:16.527Z
0002712,"경기도 동두천시 벌마들로40번길 30 (상패동, 신한대학교)",경기도 동두천시 상패동 233-1,127.03788749489192,37.903870649170386,경기도,동두천시,2026-08-01T20:12:16.527Z
0002726,"충청남도 천안시 동남구 단대로 119 (안서동, 단국대학교천안캠퍼스)",충청남도 천안시 동남구 안서동 522,127.17178117726732,36.83940318246198,충청남도,천안시,2026-08-01T20:12:16.527Z
0002744,경기도 양주시 경동대학로 27 (고암동),경기도 양주시 고암동 417-8,127.0705297402466,37.809461771571996,경기도,양주시,2026-08-01T20:12:16.527Z
0002748,경상남도 김해시 삼계로 208 (삼계동),경상남도 김해시 삼계동 60,128.8721829317009,35.268307671611154,경상남도,김해시,2026-08-01T20:12:16.527Z
0002749,"경상북도 고령군 대가야읍 대가야로 1103 (지산리, 가야대학교)",경상북도 고령군 대가야읍 지산리 1000,128.2510295178355,35.716730271663224,경상북도,고령군,2026-08-01T20:12:16.527Z
0002800,"경기도 의정부시 호암로 95 (호원동, 신한대학교)",경기도 의정부시 호원동 117-1,127.0459016495225,37.71062784887174,경기도,의정부시,2026-08-01T20:12:16.527Z
0002817,"서울특별시 서초구 서초대로 121 (방배동, 원우빌딩)",서울특별시 서초구 방배동 877-16,126.99546187879952,37.488527581882,서울특별시,서초구,2026-08-01T20:12:16.527Z
0002818,경기도 화성시 팔탄면 3.1만세로 694-57 (해창리),경기도 화성시 만세구 팔탄면 해창리 95-5,126.87934605691184,37.105782340832405,경기도,화성시,2026-08-01T20:12:16.527Z
0002854,강원특별자치도 원주시 북원로2425번길 73 (우산동),강원특별자치도 원주시 우산동 814-2,127.9340452760583,37.36340556503578,강원특별자치도,원주시,2026-08-01T20:12:16.527Z
0002857,"경기도 과천시 관악산길 216 (중앙동, 구세군사관대학원대학교)",경기도 과천시 중앙동 83-2,126.9869016142514,37.4319125560594,경기도,과천시,2026-08-01T20:12:16.527Z
0002911,경기도 의정부시 동일로 712 (금오동),경기도 의정부시 금오동 489,127.05012451782468,37.75399410163559,경기도,의정부시,2026-08-01T20:12:16.527Z
0002912,"제주특별자치도 제주시 산천단동3길 2 (아라일동, 한국폴리택대학제주캠퍼스)",제주특별자치도 제주시 아라일동 362-32,126.56140758641091,33.44741628498452,제주특별자치도,제주시,2026-08-01T20:12:16.527Z
0002928,"경기도 고양시 일산동구 일산로 323 (마두동, 국립암센터)",경기도 고양시 일산동구 마두동 809,126.78334910060656,37.66323306314746,경기도,고양시,2026-08-01T20:12:16.527Z
0002949,"세종특별자치시 조치원읍 세종로 2639 (신안리, 홍익대학교세종캠퍼스)",세종특별자치시  조치원읍 신안리 300,127.28368953877165,36.62177273730191,,,2026-08-01T20:12:16.527Z
0002959,"충청남도 천안시 동남구 상명대길 31 (안서동, 상명대학교천안캠퍼스)",충청남도 천안시 동남구 안서동 300,127.1803095535123,36.83232432440916,충청남도,천안시,2026-08-01T20:12:16.527Z
0002971,"전라북도 군산시 동개정길 7 (개정동, 군산간호대학교)",전북특별자치도 군산시 개정동 413-1,126.7597017626865,35.97044560664327,전라북도,군산시,2026-08-01T20:12:16.527Z
0002972,"전남광주통합특별시 남구 백서로70번길 6 (양림동, 기독간호대학)",전남광주통합특별시 남구 양림동 67-1,126.91586886343595,35.13830783313314,전남광주통합특별시,남구,2026-08-01T20:12:16.527Z
0002973,"서울특별시 서대문구 간호대로 38 (홍제동, 서울여자간호대학교)",서울특별시 서대문구 홍제동 287-89,126.94761890684723,37.59733271316581,서울특별시,서대문구,2026-08-01T20:12:16.527Z
0002974,전남광주통합특별시 동구 조선대2길 70(서석동) 조선간호대학교,전남광주통합특별시 동구 서석동 280,126.92879136841074,35.13780185813428,전남광주통합특별시,동구,2026-08-01T20:12:16.527Z
0002975,"전남광주통합특별시 순천시 기적의도서관1길 41 (조례동, 한국폴리텍대학순천캠퍼스)",전남광주통합특별시 순천시 조례동 435-6,127.52624418707445,34.95254679930272,전남광주통합특별시,순천시,2026-08-01T20:12:16.527Z
0003019,전라북도 전주시 덕진구 콩쥐팥쥐로 1515(중동),전북특별자치도 전주시 덕진구 중동 837,127.06936808869852,35.82610245960102,전라북도,전주시,2026-08-01T20:12:16.527Z
0003022,"충청남도 부여군 규암면 백제문로 367 (합정리, 한국전통문화대학교)",충청남도 부여군 규암면 합정리 619,126.89605477601376,36.30891139428198,충청남도,부여군,2026-08-01T20:12:16.527Z
0003104,경상북도 영천시 로봇캠퍼스로 1 (화룡동),경상북도 영천시 화룡동 989,128.92186187096203,35.97282796818725,경상북도,영천시,2026-08-01T20:12:16.527Z
0003105,경기도 화성시 팔탄면 제암고주로 108,경기도 화성시 만세구 팔탄면 고주리 196-1,126.88966292014507,37.131507814878375,경기도,화성시,2026-08-01T20:12:16.527Z
0003139,전남광주통합특별시 나주시 켄텍길 21(빛가람동),전남광주통합특별시 나주시 빛가람동 908-1,126.80334672760002,35.01057344610669,전남광주통합특별시,나주시,2026-08-01T20:12:16.527Z
0003157,경상남도 진주시 모덕로 299(하대동) 한국폴리텍대학 진주캠퍼스,경상남도 진주시 하대동 105,128.1276135411463,35.18965915433522,경상남도,진주시,2026-08-01T20:12:16.527Z
0003163,부산광역시 기장군 정관읍 산단4로 2-69,부산광역시 기장군 정관읍 달산리 938-38,129.18129597449968,35.31204634609813,부산광역시,기장군,2026-08-01T20:12:16.527Z
0003183,서울특별시 종로구 창덕궁5길 22-8 (원서동),서울특별시 종로구 원서동 9-9,126.98863080583044,37.58357859687209,서울특별시,종로구,2026-08-01T20:12:16.527Z
0003193,부산광역시 해운대구 반송순환로 142 (반송동) 영산대학교 해운대캠퍼스,부산광역시 해운대구 반송동 248,129.15656370510453,35.22424005208005,부산광역시,해운대구,2026-08-01T20:12:16.527Z
0003194,경상남도 양산시 주남로 288 (주남동) 영산대학교 양산캠퍼스,경상남도 양산시 주남동 982-4,129.14599371470817,35.4287551091293,경상남도,양산시,2026-08-01T20:12:16.527Z
0003297,경상남도 거창군 거창읍 거창대학로 72,경상남도 거창군 거창읍 김천리 164,127.91161897875065,35.673041326317225,경상남도,거창군,2026-08-01T20:12:16.527Z
0003298,경상남도 남해군 남해읍 화전로78번길 30,경상남도 남해군 남해읍 남변리 162,127.8994820582451,34.83776936904613,경상남도,남해군,2026-08-01T20:12:16.527Z
0003312,전남광주통합특별시 담양군 담양읍 죽녹원로 152,전남광주통합특별시 담양군 담양읍 향교리 262-2,126.9888792892992,35.326532830251,전남광주통합특별시,담양군,2026-08-01T20:12:16.527Z
0003363,강원특별자치도 강릉시 죽헌길 7 (지변동),강원특별자치도 강릉시 지변동 123,128.8679799445353,37.77220807160427,강원특별자치도,강릉시,2026-08-01T20:12:16.527Z
0003364,강원특별자치도 원주시 흥업면 남원로 150,강원특별자치도 원주시 흥업면 흥업리 7,127.92192830954434,37.30457526234364,강원특별자치도,원주시,2026-08-01T20:12:16.527Z
