school_code_std,school_name,main_branch,school_type,establishment,road_address,lot_address,sido,sigungu,lng,lat,geocoded_at
0002749,가야대학교(고령),제2캠퍼스,대학교,사립,"경상북도 고령군 대가야읍 대가야로 1103 (지산리, 가야대학교)",경상북도 고령군 대가야읍 지산리 1000,경상북도,고령군,128.2510295178355,35.716730271663224,2026-08-01T20:12:16.527Z
0002748,가야대학교(김해),본교,대학교,사립,경상남도 김해시 삼계로 208 (삼계동),경상남도 김해시 삼계동 60,경상남도,김해시,128.8721829317009,35.268307671611154,2026-08-01T20:12:16.527Z
0000063,가천대학교,본교,대학교,사립,"경기도 성남시 수정구 성남대로 1342 (복정동, 가천대학교)",경기도 성남시 수정구 복정동 620-4,경기도,성남시,127.13096879205496,37.45056060624532,2026-08-01T20:12:16.527Z
0000072,가톨릭관동대학교,본교,대학교,사립,강원특별자치도 강릉시 범일로579번길 24 (내곡동),강원특별자치도 강릉시 내곡동 522,강원특별자치도,강릉시,128.87653697733083,37.736598653139986,2026-08-01T20:12:16.527Z
0000215,가톨릭꽃동네대학교,본교,대학교,사립,"충청북도 청주시 서원구 현도면 상삼길 133 (상삼리, 꽃동네대학교)",충청북도 청주시 서원구 현도면 상삼리 387,충청북도,청주시,127.4007806696801,36.52227547623305,2026-08-01T20:12:16.527Z
0000046,가톨릭대학교,본교,대학교,사립,"경기도 부천시 원미구 지봉로 43 (역곡동, 가톨릭대학교성심교정)",경기도 부천시 원미구 소사동 산 3-1,경기도,부천시,126.79856721418524,37.48748504209048,2026-08-01T20:12:16.527Z
0000048,가톨릭대학교,제2캠퍼스,대학교,사립,"서울특별시 서초구 반포대로 222 (반포동, 가톨릭대학교성의교정)",서울특별시 서초구 반포동 산 38-2,서울특별시,서초구,127.00608551590216,37.4998583152411,2026-08-01T20:12:16.527Z
0000049,가톨릭대학교,제3캠퍼스,대학교,사립,"서울특별시 종로구 창경궁로 296-12 (혜화동, 가톨릭대학교성신교정)",서울특별시 종로구 혜화동 산 1-2,서울특별시,종로구,127.00589277952778,37.585798328955846,2026-08-01T20:12:16.527Z
0000410,가톨릭상지대학교,본교,전문대학,사립,"경상북도 안동시 상지길 45 (율세동, 가톨릭상지대학교)",경상북도 안동시 율세동 산 104,경상북도,안동시,128.73604430094122,36.57004210509295,2026-08-01T20:12:16.527Z
0000050,감리교신학대학교,본교,대학교,사립,"서울특별시 서대문구 독립문로 56 (냉천동, 감리교신학대학)",서울특별시 서대문구 냉천동 31,서울특별시,서대문구,126.9618929433262,37.5679165895965,2026-08-01T20:12:16.527Z
0000051,강남대학교,본교,대학교,사립,"경기도 용인시 기흥구 강남로 40 (구갈동, 강남대학교)",경기도 용인시 기흥구 구갈동 111,경기도,용인시,127.13339446482709,37.27679172121225,2026-08-01T20:12:16.527Z
0000433,강동대학교,본교,전문대학,사립,"충청북도 음성군 감곡면 대학길 278 (단평리, 강동대학교)",충청북도 음성군 감곡면 단평리 154,충청북도,음성군,127.64618030254265,37.143165446605096,2026-08-01T20:12:16.527Z
0000514,강릉영동대학교,본교,전문대학,사립,강원특별자치도 강릉시 공제로 357 (홍제동),강원특별자치도 강릉시 홍제동 1009,강원특별자치도,강릉시,128.8579607362774,37.74573443968873,2026-08-01T20:12:16.527Z
0000079,강서대학교,본교,대학교,사립,서울특별시 강서구 까치산로24길 47 (화곡동),서울특별시 강서구 화곡동 953-1,서울특별시,강서구,126.85413465347227,37.548669054022156,2026-08-01T20:12:16.527Z
0000003,강원대학교,본교,대학교,국립,강원특별자치도 춘천시 강원대학길 1 (효자동),강원특별자치도 춘천시 효자동 210-1,강원특별자치도,춘천시,127.73969115080553,37.86664362691363,2026-08-01T20:12:06.629Z
0000004,강원대학교,제2캠퍼스,대학교,국립,강원특별자치도 삼척시 중앙로 346 (교동),강원특별자치도 삼척시 교동 777,강원특별자치도,삼척시,129.1609703952505,37.45455364998775,2026-08-01T20:12:06.629Z
0003363,강원대학교,제3캠퍼스,대학교,국립,강원특별자치도 강릉시 죽헌길 7 (지변동),강원특별자치도 강릉시 지변동 123,강원특별자치도,강릉시,128.8679799445353,37.77220807160427,2026-08-01T20:12:16.527Z
0003364,강원대학교,제4캠퍼스,대학교,국립,강원특별자치도 원주시 흥업면 남원로 150,강원특별자치도 원주시 흥업면 흥업리 7,강원특별자치도,원주시,127.92192830954434,37.30457526234364,2026-08-01T20:12:16.527Z
0002639,강원도립대학교,본교,전문대학,공립,강원특별자치도 강릉시 주문진읍 연주로 270,강원특별자치도 강릉시 주문진읍 교항리 48-160,강원특별자치도,강릉시,128.83117381017894,37.87672182379251,2026-08-01T20:12:16.527Z
0000412,거제대학교,본교,전문대학,사립,"경상남도 거제시 마전1길 91 (장승포동, 거제대학)",경상남도 거제시 일운면 옥림리 146-3,경상남도,거제시,128.72554086946866,34.85129240966739,2026-08-01T20:12:16.527Z
0000052,건국대학교,본교,대학교,사립,"서울특별시 광진구 능동로 120 (화양동, 건국대학교)",서울특별시 광진구 화양동 393-1,서울특별시,광진구,127.07818913116384,37.54341661956013,2026-08-01T20:12:16.527Z
0000053,건국대학교(글로컬),분교,대학교,사립,"충청북도 충주시 충원대로 268 (단월동, 건국대학교 글로컬캠퍼스)",충청북도 충주시 단월동 322,충청북도,충주시,127.90453775393146,36.948901439541075,2026-08-01T20:12:16.527Z
0000054,건양대학교,본교,대학교,사립,"충청남도 논산시 대학로 121 (내동, 건양대학교)",충청남도 논산시 은진면 와야리 121,충청남도,논산시,127.11170457580386,36.18203860610181,2026-08-01T20:12:16.527Z
0000055,건양대학교,제2캠퍼스,대학교,사립,"대전광역시 서구 관저동로 158 (관저동, 건양대학교병원)",대전광역시 서구 관저동 1643,대전광역시,서구,127.34264048665737,36.30682222962901,2026-08-01T20:12:16.527Z
0000560,경기과학기술대학교,본교,전문대학,사립,"경기도 시흥시 경기과기대로 269 (정왕동, 경기과학기술대학교)",경기도 시흥시 정왕동 2121-3,경기도,시흥시,126.73586849099334,37.338625575154914,2026-08-01T20:12:16.527Z
0000056,경기대학교,본교,대학교,사립,"경기도 수원시 영통구 광교산로 154-42 (이의동, 경기대학교)",경기도 수원시 영통구 이의동 산 96-2,경기도,수원시,127.03997808029791,37.301200022515744,2026-08-01T20:12:16.527Z
0000058,경기대학교,제2캠퍼스,대학교,사립,"서울특별시 서대문구 경기대로9길 24 (충정로2가, 경기대학교)",서울특별시 서대문구 충정로2가 68-9,서울특별시,서대문구,126.96224300874167,37.56475126178347,2026-08-01T20:12:16.527Z
0000059,경남대학교,본교,대학교,사립,"경상남도 창원시 마산합포구 경남대학로 7 (월영동, 경남대학교)",경상남도 창원시 마산합포구 월영동 355-1,경상남도,창원시,128.552188863967,35.18372782506245,2026-08-01T20:12:16.527Z
0002640,경남정보대학교,본교,전문대학,사립,"부산광역시 사상구 주례로 45 (주례동, 경남정보대학교)",부산광역시 사상구 주례동 166-206,부산광역시,사상구,129.01120853196664,35.146557113839265,2026-08-01T20:12:16.527Z
0000060,경동대학교,본교,대학교,사립,강원특별자치도 고성군 토성면 봉포4길 46,강원특별자치도 고성군 토성면 봉포리 306-4,강원특별자치도,고성군,128.55767454111754,38.25075465567367,2026-08-01T20:12:16.527Z
0002573,경동대학교,제2캠퍼스,대학교,사립,강원특별자치도 속초시 도리원길 5 (노학동),강원특별자치도 속초시 노학동 635-1,강원특별자치도,속초시,128.55165007141176,38.19355555511113,2026-08-01T20:12:16.527Z
0002574,경동대학교,제3캠퍼스,대학교,사립,강원특별자치도 원주시 문막읍 견훤로 815,강원특별자치도 원주시 문막읍 후용리 882,강원특별자치도,원주시,127.79230330032595,37.26473244153854,2026-08-01T20:12:16.527Z
0002744,경동대학교,제4캠퍼스,대학교,사립,경기도 양주시 경동대학로 27 (고암동),경기도 양주시 고암동 417-8,경기도,양주시,127.0705297402466,37.809461771571996,2026-08-01T20:12:16.527Z
0000416,경민대학교,본교,전문대학,사립,"경기도 의정부시 서부로 545 (가능동, 경민대학)",경기도 의정부시 가능동 572-1,경기도,의정부시,127.02317210455698,37.745308850149684,2026-08-01T20:12:16.527Z
0002641,경복대학교,본교,전문대학,사립,"경기도 남양주시 진접읍 경복대로 425 (금곡리, 경복대학교)",경기도 남양주시 진접읍 금곡리 383,경기도,남양주시,127.21160361286917,37.735102871905795,2026-08-01T20:12:16.527Z
0000456,경북과학대학교,본교,전문대학,사립,"경상북도 칠곡군 기산면 지산로 634 (봉산리, 경북과학대학교)",경상북도 칠곡군 기산면 봉산리 123,경상북도,칠곡군,128.34641074112042,35.98250306133498,2026-08-01T20:12:16.527Z
0000005,경북대학교,본교,대학교,국립,"대구광역시 북구 대학로 80 (산격동, 경북대학교)",대구광역시 북구 대현동 25,대구광역시,북구,128.60771577707115,35.88772022408881,2026-08-01T20:12:06.629Z
0000438,경북보건대학교,본교,전문대학,사립,"경상북도 김천시 대학로 168 (삼락동, 경북보건대학교)",경상북도 김천시 삼락동 480,경상북도,김천시,128.0842781088265,36.13857442129314,2026-08-01T20:12:16.527Z
0002642,경북전문대학교,본교,전문대학,사립,"경상북도 영주시 대학로 77 (휴천동, 경북전문대학교)",경상북도 영주시 휴천동 630,경상북도,영주시,128.6156411427105,36.80402514475081,2026-08-01T20:12:16.527Z
0000007,경상국립대학교,본교,대학교,국립,경상남도 진주시 진주대로 501 (가좌동),경상남도 진주시 가좌동 879,경상남도,진주시,128.0954225134876,35.153847368166495,2026-08-01T20:12:16.527Z
0000062,경성대학교,본교,대학교,사립,"부산광역시 남구 수영로 309 (대연동, 경성대학교)",부산광역시 남구 대연동 314-81,부산광역시,남구,129.10010314519482,35.13848771570923,2026-08-01T20:12:16.527Z
0000244,경운대학교,본교,대학교,사립,경상북도 구미시 산동읍 강동로 730,경상북도 구미시 산동읍 인덕리 161-5,경상북도,구미시,128.46904977171752,36.16924225664104,2026-08-01T20:12:16.527Z
0000422,경인여자대학교,본교,전문대학,사립,"인천광역시 계양구 계양산로 63 (계산동, 경인여자대학)",인천광역시 계양구 계산동 548-4,인천광역시,계양구,126.72314210051782,37.54798156048118,2026-08-01T20:12:16.527Z
0000064,경일대학교,본교,대학교,사립,"경상북도 경산시 하양읍 가마실길 50 (부호리, 경일대학교)",경상북도 경산시 하양읍 부호리 33,경상북도,경산시,128.80027066048885,35.91008796879037,2026-08-01T20:12:16.527Z
0000066,경희대학교,본교,대학교,사립,"서울특별시 동대문구 경희대로 26 (회기동, 경희대학교)",서울특별시 동대문구 회기동 1-5,서울특별시,동대문구,127.05146101237986,37.594408964481374,2026-08-01T20:12:16.527Z
0000068,계명대학교,본교,대학교,사립,"대구광역시 달서구 달구벌대로 1095 (신당동, 계명대학교성서캠퍼스)",대구광역시 달서구 호산동 산 1,대구광역시,달서구,128.47941593120652,35.85545201487874,2026-08-01T20:12:16.527Z
0000425,계명문화대학교,본교,전문대학,사립,"대구광역시 달서구 달서대로 675 (신당동, 계명문화대학교)",대구광역시 달서구 신당동 700,대구광역시,달서구,128.48995474417833,35.86001556087835,2026-08-01T20:12:16.527Z
0000426,계원예술대학교,본교,전문대학,사립,"경기도 의왕시 계원대학로 66 (내손동, 계원예술대학교)",경기도 의왕시 내손동 247,경기도,의왕시,126.98034111044599,37.37871821117089,2026-08-01T20:12:16.527Z
0000069,고려대학교,본교,대학교,사립,"서울특별시 성북구 안암로 145 (안암동5가, 고려대학교안암캠퍼스(인문사회계))",서울특별시 성북구 안암동5가 163-10,서울특별시,성북구,127.02887472010458,37.591427483696506,2026-08-01T20:12:16.527Z
0000070,고려대학교(세종),분교,대학교,사립,"세종특별자치시 조치원읍 세종로 2511 (서창리, 고려대학교세종캠퍼스)",세종특별자치시  조치원읍 서창리 208,,,127.28458700897875,36.61066802092938,2026-08-01T20:12:16.527Z
0000071,고신대학교,본교,대학교,사립,"부산광역시 영도구 와치로 194 (동삼동, 고신대학교)",부산광역시 영도구 동삼동 516-43,부산광역시,영도구,129.0638557694357,35.078481607406914,2026-08-01T20:12:16.527Z
0000073,광신대학교,본교,대학교,사립,"전남광주통합특별시 북구 양산택지소로 36 (본촌동, 광신대학교)",전남광주통합특별시 북구 본촌동 132-1,전남광주통합특별시,북구,126.88465661612517,35.215725404126204,2026-08-01T20:12:16.527Z
0000428,광양보건대학교,본교,전문대학,사립,"전남광주통합특별시 광양시 광양읍 대학로 85 (덕례리, 광양보건대학)",전남광주통합특별시 광양시 광양읍 덕례리 654-1,전남광주통합특별시,광양시,127.56897798585304,34.95346606976372,2026-08-01T20:12:16.527Z
0000074,광운대학교,본교,대학교,사립,"서울특별시 노원구 광운로 20 (월계동, 광운대학교)",서울특별시 노원구 월계동 447-1,서울특별시,노원구,127.05881566923324,37.62013714687011,2026-08-01T20:12:16.527Z
0000075,광주가톨릭대학교,본교,대학교,사립,"전남광주통합특별시 나주시 남평읍 중남길 12-25 (남석리, 광주가톨릭대학교)",전남광주통합특별시 나주시 남평읍 남석리 산 69-1,전남광주통합특별시,나주시,126.86424900650556,35.01509243838859,2026-08-01T20:12:16.527Z
0000381,광주과학기술원,본교,대학교,특별법법인,"전남광주통합특별시 북구 첨단과기로 123 (오룡동, 광주과학기술원)",전남광주통합특별시 북구 오룡동 1,전남광주통합특별시,북구,126.83732444904652,35.22886790265037,2026-08-01T20:12:16.527Z
0000231,광주대학교,본교,대학교,사립,"전남광주통합특별시 남구 효덕로 277 (진월동, 광주대학교)",전남광주통합특별시 남구 진월동 592-1,전남광주통합특별시,남구,126.89547544997627,35.10649907926424,2026-08-01T20:12:16.527Z
0000429,광주보건대학교,본교,전문대학,사립,"전남광주통합특별시 광산구 북문대로419번길 73 (신창동, 광주보건대학)",전남광주통합특별시 광산구 신창동 683-3,전남광주통합특별시,광산구,126.84530116980866,35.19106538408565,2026-08-01T20:12:16.527Z
0000076,광주여자대학교,본교,대학교,사립,전남광주통합특별시 광산구 광주여대길 40 (산정동),전남광주통합특별시 광산구 산정동 산 105-1,전남광주통합특별시,광산구,126.79640857128581,35.16316587063491,2026-08-01T20:12:16.527Z
0000430,구미대학교,본교,전문대학,사립,"경상북도 구미시 야은로 37 (부곡동, 구미대학교)",경상북도 구미시 부곡동 502-1,경상북도,구미시,128.29032609633697,36.15319645407031,2026-08-01T20:12:16.527Z
0000021,국립경국대학교,본교,대학교,국립,"경상북도 안동시 경동로 1375 (송천동, 안동대학교)",경상북도 안동시 송천동 388,경상북도,안동시,128.80005005962698,36.54007148980617,2026-08-01T20:12:16.527Z
0000008,국립공주대학교,본교,대학교,국립,"충청남도 공주시 공주대학로 56 (신관동, 공주대학교)",충청남도 공주시 신관동 182,충청남도,공주시,127.14256658598825,36.47135044003209,2026-08-01T20:12:16.527Z
0000009,국립군산대학교,본교,대학교,국립,"전라북도 군산시 대학로 558 (미룡동, 군산대학교)",전북특별자치도 군산시 미룡동 290-2,전라북도,군산시,126.68141359547279,35.948610072213754,2026-08-01T20:12:16.527Z
0000010,국립금오공과대학교,본교,대학교,국립,"경상북도 구미시 대학로 61 (양호동, 금오공과대학교)",경상북도 구미시 거의동 468,경상북도,구미시,128.39096267610762,36.14725422946561,2026-08-01T20:12:16.527Z
0000011,국립목포대학교,본교,대학교,국립,"전남광주통합특별시 무안군 청계면 영산로 1666 (도림리, 목포대학교)",전남광주통합특별시 무안군 청계면 도림리 357-1,전남광주통합특별시,무안군,126.43298245864659,34.905790692311044,2026-08-01T20:12:16.527Z
0003312,국립목포대학교(담양캠퍼스),제2캠퍼스,대학교,국립,전남광주통합특별시 담양군 담양읍 죽녹원로 152,전남광주통합특별시 담양군 담양읍 향교리 262-2,전남광주통합특별시,담양군,126.9888792892992,35.326532830251,2026-08-01T20:12:16.527Z
0000012,국립목포해양대학교,본교,대학교,국립,"전남광주통합특별시 목포시 해양대학로 91 (죽교동, 목포해양대학교)",전남광주통합특별시 목포시 죽교동 571,전남광주통합특별시,목포시,126.36588781389867,34.790774550009274,2026-08-01T20:12:16.527Z
0000013,국립부경대학교,본교,대학교,국립,"부산광역시 남구 용소로 45 (대연동, 부경대학교대연캠퍼스)",부산광역시 남구 대연동 599-1,부산광역시,남구,129.10461227243076,35.131617065487546,2026-08-01T20:12:16.527Z
0000020,국립순천대학교,본교,대학교,국립,전남광주통합특별시 순천시 중앙로 255 (석현동),전남광주통합특별시 순천시 석현동 313,전남광주통합특별시,순천시,127.48207515841695,34.96938417673307,2026-08-01T20:12:16.527Z
0000028,국립창원대학교,본교,대학교,국립,"경상남도 창원시 의창구 창원대학로 20 (사림동, 창원대학교)",경상남도 창원시 의창구 퇴촌동 256,경상남도,창원시,128.69095214713477,35.24756258541615,2026-08-01T20:12:16.527Z
0003297,국립창원대학교(거창캠퍼스),제2캠퍼스,대학교,국립,경상남도 거창군 거창읍 거창대학로 72,경상남도 거창군 거창읍 김천리 164,경상남도,거창군,127.91161897875065,35.673041326317225,2026-08-01T20:12:16.527Z
0003298,국립창원대학교(남해캠퍼스),제3캠퍼스,대학교,국립,경상남도 남해군 남해읍 화전로78번길 30,경상남도 남해군 남해읍 남변리 162,경상남도,남해군,127.8994820582451,34.83776936904613,2026-08-01T20:12:16.527Z
0000034,국립한국교통대학교,본교,대학교,국립,"충청북도 충주시 대소원면 대학로 50 (검단리, 한국교통대학교)",충청북도 충주시 대소원면 검단리 123,충청북도,충주시,127.87192998710968,36.97229107883058,2026-08-01T20:12:16.527Z
0000033,국립한국해양대학교,본교,대학교,국립,"부산광역시 영도구 태종로 727 (동삼동, 한국해양대학교)",부산광역시 영도구 동삼동 1,부산광역시,영도구,129.08861897120516,35.077398968745115,2026-08-01T20:12:16.527Z
0000039,국립한밭대학교,본교,대학교,국립,"대전광역시 유성구 동서대로 125 (덕명동, 한밭대학교)",대전광역시 유성구 덕명동 16-1,대전광역시,유성구,127.29995061029467,36.35052998435395,2026-08-01T20:12:16.527Z
0000078,국민대학교,본교,대학교,사립,"서울특별시 성북구 정릉로 77 (정릉동, 국민대학교)",서울특별시 성북구 정릉동 853-12,서울특별시,성북구,126.99868889098005,37.610050889429544,2026-08-01T20:12:16.527Z
0000549,국제대학교,본교,전문대학,사립,"경기도 평택시 장안웃길 56 (장안동, 국제대학교)",경기도 평택시 장안동 353,경기도,평택시,127.08110607730347,37.06608394423225,2026-08-01T20:12:16.527Z
0002971,군산간호대학교,본교,전문대학,사립,"전라북도 군산시 동개정길 7 (개정동, 군산간호대학교)",전북특별자치도 군산시 개정동 413-1,전라북도,군산시,126.7597017626865,35.97044560664327,2026-08-01T20:12:16.527Z
0000432,군장대학교,본교,전문대학,사립,"전라북도 군산시 성산면 군장대길 13 (도암리, 군장대학)",전북특별자치도 군산시 성산면 도암리 608-8,전라북도,군산시,126.78187907173907,35.99923949803075,2026-08-01T20:12:16.527Z
0000080,극동대학교,본교,대학교,사립,"충청북도 음성군 감곡면 대학길 76-32 (왕장리, 극동대학교)",충청북도 음성군 감곡면 왕장리 85-5,충청북도,음성군,127.64187083878215,37.12825437973703,2026-08-01T20:12:16.527Z
0000224,금강대학교,본교,대학교,사립,"충청남도 논산시 상월면 상월로 522 (대명리, 금강대학교)",충청남도 논산시 상월면 상도리 27-14,충청남도,논산시,127.18970700009737,36.306805035566,2026-08-01T20:12:16.527Z
0002972,기독간호대학교,본교,전문대학,사립,"전남광주통합특별시 남구 백서로70번길 6 (양림동, 기독간호대학)",전남광주통합특별시 남구 양림동 67-1,전남광주통합특별시,남구,126.91586886343595,35.13830783313314,2026-08-01T20:12:16.527Z
0000241,김천대학교,본교,대학교,사립,"경상북도 김천시 대학로 214 (삼락동, 김천대학교)",경상북도 김천시 삼락동 754-1,경상북도,김천시,128.0787716978901,36.13928796791576,2026-08-01T20:12:16.527Z
0000440,김포대학교,본교,전문대학,사립,경기도 김포시 모담공원로 10 (운양동),경기도 김포시 운양동 1329-9,경기도,김포시,126.67936853293243,37.65143895868772,2026-08-01T20:12:16.527Z
0000569,김해대학교,본교,전문대학,사립,"경상남도 김해시 삼안로112번길 198 (삼방동, 김해대학교)",경상남도 김해시 삼방동 산 77-9,경상남도,김해시,128.9130459189829,35.254141232802176,2026-08-01T20:12:16.527Z
0000081,나사렛대학교,본교,대학교,사립,"충청남도 천안시 서북구 월봉로 48 (쌍용동, 나사렛대학교)",충청남도 천안시 서북구 쌍용동 456,충청남도,천안시,127.11854637419894,36.79552443920029,2026-08-01T20:12:16.527Z
0000435,나주대학교,본교,전문대학,사립,"전남광주통합특별시 나주시 다시면 백호로 125 (복암리, 고구려대학)",전남광주통합특별시 나주시 다시면 복암리 837-8,전남광주통합특별시,나주시,126.64970608226932,35.00700071009095,2026-08-01T20:12:16.527Z
0000216,남부대학교,본교,대학교,사립,전남광주통합특별시 광산구 남부대길 1 (월계동),전남광주통합특별시 광산구 월계동 864-1,전남광주통합특별시,광산구,126.84225845666774,35.20696194458563,2026-08-01T20:12:16.527Z
0000245,남서울대학교,본교,대학교,사립,"충청남도 천안시 서북구 성환읍 대학로 91 (매주리, 남서울대학교)",충청남도 천안시 서북구 성환읍 매주리 21,충청남도,천안시,127.14477435445299,36.90734219552042,2026-08-01T20:12:16.527Z
0000441,농협대학교,본교,전문대학,사립,"경기도 고양시 덕양구 서삼릉길 281 (원당동, 농협대학)",경기도 고양시 덕양구 원당동 198-201,경기도,고양시,126.8724656906403,37.65862191222455,2026-08-01T20:12:16.527Z
0000082,단국대학교,본교,대학교,사립,"경기도 용인시 수지구 죽전로 152 (죽전동, 단국대학교)",경기도 용인시 기흥구 마북동 655,경기도,용인시,127.12843229915633,37.318038794429754,2026-08-01T20:12:16.527Z
0002726,단국대학교,제2캠퍼스,대학교,사립,"충청남도 천안시 동남구 단대로 119 (안서동, 단국대학교천안캠퍼스)",충청남도 천안시 동남구 안서동 522,충청남도,천안시,127.17178117726732,36.83940318246198,2026-08-01T20:12:16.527Z
0000442,대경대학교,본교,전문대학,사립,"경상북도 경산시 자인면 단북1길 65 (단북리, 대경대학)",경상북도 경산시 자인면 단북리 63,경상북도,경산시,128.8213911453396,35.83427535191274,2026-08-01T20:12:16.527Z
0000088,대구가톨릭대학교,본교,대학교,사립,"경상북도 경산시 하양읍 하양로 13-13 (금락리, 대구가톨릭대학교)",경상북도 경산시 하양읍 금락리 308-5,경상북도,경산시,128.80232594559692,35.91415467692576,2026-08-01T20:12:16.527Z
0000382,대구경북과학기술원,본교,대학교,특별법법인,대구광역시 달성군 현풍읍 테크노중앙대로 333,대구광역시 달성군 현풍읍 상리 953,대구광역시,달성군,128.45625524949338,35.70492624842832,2026-08-01T20:12:16.527Z
0000443,대구공업대학교,본교,전문대학,사립,"대구광역시 달서구 송현로 205 (본동, 대구공업대학)",대구광역시 달서구 본동 830,대구광역시,달서구,128.54391116206432,35.83523328615156,2026-08-01T20:12:16.527Z
0000446,대구과학대학교,본교,전문대학,사립,"대구광역시 북구 영송로 47 (태전동, 대구과학대학)",대구광역시 북구 태전동 산 9-1,대구광역시,북구,128.542763917164,35.92944502200095,2026-08-01T20:12:16.527Z
0000084,대구대학교,본교,대학교,사립,"경상북도 경산시 진량읍 대구대로 201 (내리리, 대구대학교경산캠퍼스)",경상북도 경산시 진량읍 내리리 15,경상북도,경산시,128.8425529147892,35.903973449336156,2026-08-01T20:12:16.527Z
0000444,대구보건대학교,본교,전문대학,사립,"대구광역시 북구 영송로 15 (태전동, 대구보건대학)",대구광역시 북구 태전동 산 6-6,대구광역시,북구,128.5425521382519,35.92792434453435,2026-08-01T20:12:16.527Z
0000087,대구예술대학교,본교,대학교,사립,"경상북도 칠곡군 가산면 다부거문1길 202 (다부리, 대구예술대학교)",경상북도 칠곡군 가산면 다부리 861,경상북도,칠곡군,128.5094840925224,36.03218258544183,2026-08-01T20:12:16.527Z
0000061,대구한의대학교,본교,대학교,사립,경상북도 경산시 한의대로 1(유곡동),경상북도 경산시 유곡동 290-1,경상북도,경산시,128.77688515835078,35.79600422377702,2026-08-01T20:12:16.527Z
0000546,대덕대학교,본교,전문대학,사립,"대전광역시 유성구 가정북로 68 (장동, 대덕대학)",대전광역시 유성구 장동 48,대전광역시,유성구,127.36556527968101,36.39132392240991,2026-08-01T20:12:16.527Z
0000447,대동대학교,본교,전문대학,사립,"부산광역시 금정구 동부곡로27번길 88 (부곡동, 대동대학교)",부산광역시 금정구 부곡동 373-4,부산광역시,금정구,129.09591880707904,35.229135872673865,2026-08-01T20:12:16.527Z
0000448,대림대학교,본교,전문대학,사립,"경기도 안양시 동안구 임곡로 29 (비산동, 대림대학교)",경기도 안양시 동안구 비산동 526-7,경기도,안양시,126.93083628524539,37.4043368031484,2026-08-01T20:12:16.527Z
0000093,대신대학교,본교,대학교,사립,"경상북도 경산시 경청로222길 33 (백천동, 대신대학교)",경상북도 경산시 백천동 137,경상북도,경산시,128.74441639316683,35.80436957106961,2026-08-01T20:12:16.527Z
0000449,대원대학교,본교,전문대학,사립,"충청북도 제천시 대학로 316 (신월동, 대원대학)",충청북도 제천시 신월동 599,충청북도,제천시,128.19062603727787,37.17686499690902,2026-08-01T20:12:16.527Z
0000094,대전가톨릭대학교,본교,대학교,사립,"세종특별자치시 전의면 가톨릭대학로 30 (신방리, 대전가톨릭대학교)",세종특별자치시  전의면 신방리 325,,,127.19313166025049,36.655057462682116,2026-08-01T20:12:16.527Z
0000453,대전과학기술대학교,본교,전문대학,사립,"대전광역시 서구 혜천로 100 (복수동, 대전과학기술대학교)",대전광역시 서구 복수동 333,대전광역시,서구,127.37634558477504,36.303475689019756,2026-08-01T20:12:16.527Z
0000095,대전대학교,본교,대학교,사립,"대전광역시 동구 대학로 62 (용운동, 대전대학교)",대전광역시 동구 용운동 96-3,대전광역시,동구,127.46124686737987,36.33638164812804,2026-08-01T20:12:16.527Z
0000451,대전보건대학교,본교,전문대학,사립,"대전광역시 동구 충정로 21 (가양동, 대전보건대학)",대전광역시 동구 가양동 77-3,대전광역시,동구,127.45306803772088,36.349079599270254,2026-08-01T20:12:16.527Z
0000238,대전신학대학교,본교,대학교,사립,"대전광역시 대덕구 한남로 41 (오정동, 대전신학대학교)",대전광역시 대덕구 오정동 226-22,대전광역시,대덕구,127.4229966943414,36.350193350939335,2026-08-01T20:12:16.527Z
0000097,대진대학교,본교,대학교,사립,"경기도 포천시 호국로 1007 (선단동, 대진대학교)",경기도 포천시 선단동 산 11-1,경기도,포천시,127.15896485428526,37.86589187728765,2026-08-01T20:12:16.527Z
0000099,덕성여자대학교,본교,대학교,사립,"서울특별시 도봉구 삼양로144길 33 (쌍문동, 덕성여자대학교)",서울특별시 도봉구 쌍문동 419,서울특별시,도봉구,127.01705646155571,37.6511759142339,2026-08-01T20:12:16.527Z
0000460,동강대학교,본교,전문대학,사립,"전남광주통합특별시 북구 동문대로 50 (풍향동, 동강대학)",전남광주통합특별시 북구 두암동 700-12,전남광주통합특별시,북구,126.9219791242343,35.17029564157091,2026-08-01T20:12:16.527Z
0000100,동국대학교,본교,대학교,사립,"서울특별시 중구 필동로1길 30 (장충동2가, 동국대학교)",서울특별시 중구 장충동2가 192-5,서울특별시,중구,127.00255894904652,37.55734562943239,2026-08-01T20:12:16.527Z
0000101,동국대학교(WISE),분교,대학교,사립,경상북도 경주시 동대로 123(석장동),경상북도 경주시 석장동 707,경상북도,경주시,129.19116080380047,35.86333766909903,2026-08-01T20:12:16.527Z
0000457,동남보건대학교,본교,전문대학,사립,"경기도 수원시 장안구 천천로74번길 50 (정자동, 동남보건전문대학)",경기도 수원시 장안구 정자동 936-2,경기도,수원시,126.98711864383871,37.29970846241405,2026-08-01T20:12:16.527Z
0000102,동덕여자대학교,본교,대학교,사립,"서울특별시 성북구 화랑로13길 60 (하월곡동, 동덕여자대학교)",서울특별시 성북구 하월곡동 73-96,서울특별시,성북구,127.04123760643732,37.60588176742441,2026-08-01T20:12:16.527Z
0000235,동명대학교,본교,대학교,사립,"부산광역시 남구 신선로 428 (용당동, 동명대학교)",부산광역시 남구 용당동 485,부산광역시,남구,129.10151412431455,35.11988080216953,2026-08-01T20:12:16.527Z
0000103,동서대학교,본교,대학교,사립,"부산광역시 사상구 주례로 47 (주례동, 동서대학교)",부산광역시 사상구 주례동 85-1,부산광역시,사상구,129.00750538303805,35.14350230875934,2026-08-01T20:12:16.527Z
0000450,동서울대학교,본교,전문대학,사립,"경기도 성남시 수정구 복정로 76 (복정동, 동서울대학)",경기도 성남시 수정구 복정동 423-8,경기도,성남시,127.13056104121752,37.46034943887664,2026-08-01T20:12:16.527Z
0000104,동신대학교,본교,대학교,사립,전남광주통합특별시 나주시 동신대길 67 (대호동),전남광주통합특별시 나주시 대호동 252,전남광주통합특별시,나주시,126.71798511174165,35.04969500732174,2026-08-01T20:12:16.527Z
0000105,동아대학교,본교,대학교,사립,"부산광역시 사하구 낙동대로550번길 37 (하단동, 동아대학교)",부산광역시 사하구 하단동 산 3-1,부산광역시,사하구,128.9680850247375,35.11880881319746,2026-08-01T20:12:16.527Z
0000461,동아방송예술대학교,본교,전문대학,사립,"경기도 안성시 삼죽면 동아예대길 47 (진촌리, 동아방송예술대학교)",경기도 안성시 삼죽면 진촌리 632-18,경기도,안성시,127.35810020993422,37.05899628094338,2026-08-01T20:12:16.527Z
0000462,동아보건대학교,본교,전문대학,사립,"전남광주통합특별시 영암군 학산면 영산로 76-57 (독천리, 동아보건대학교)",전남광주통합특별시 영암군 학산면 독천리 산 22-1,전남광주통합특별시,영암군,126.56901337737744,34.73067641449448,2026-08-01T20:12:16.527Z
0000106,동양대학교,본교,대학교,사립,"경상북도 영주시 풍기읍 동양대로 145 (산법리, 동양대학교)",경상북도 영주시 풍기읍 산법리 583-10,경상북도,영주시,128.5375256650341,36.8808054332111,2026-08-01T20:12:16.527Z
0000463,동양미래대학교,본교,전문대학,사립,"서울특별시 구로구 경인로 445 (고척동, 동양미래대학)",서울특별시 구로구 고척동 62-160,서울특별시,구로구,126.86812194390774,37.500040259698835,2026-08-01T20:12:16.527Z
0000509,동원과학기술대학교,본교,전문대학,사립,"경상남도 양산시 명곡로 321 (명곡동, 동원과학기술대학교)",경상남도 양산시 명곡동 922-2,경상남도,양산시,129.0687132552893,35.34362799660135,2026-08-01T20:12:16.527Z
0000465,동원대학교,본교,전문대학,사립,"경기도 광주시 곤지암읍 경충대로 26 (신촌리, 동원대학)",경기도 광주시 곤지암읍 신촌리 산 1-1,경기도,광주시,127.4038480024036,37.328938994151294,2026-08-01T20:12:16.527Z
0000466,동의과학대학교,본교,전문대학,사립,"부산광역시 부산진구 양지로 54 (양정동, 동의과학대학)",부산광역시 부산진구 양정동 429-19,부산광역시,부산진구,129.07377232781548,35.16639067813791,2026-08-01T20:12:16.527Z
0000107,동의대학교,본교,대학교,사립,"부산광역시 부산진구 엄광로 176 (가야동, 동의대학교)",부산광역시 부산진구 가야동 464-121,부산광역시,부산진구,129.03492091410112,35.142444764364015,2026-08-01T20:12:16.527Z
0000469,두원공과대학교,본교,전문대학,사립,"경기도 안성시 죽산면 관음당길 51 (장원리, 두원공과대학교)",경기도 안성시 죽산면 장원리 709,경기도,안성시,127.42409333362426,37.06484698223328,2026-08-01T20:12:16.527Z
0000108,루터대학교,본교,대학교,사립,"경기도 용인시 기흥구 금화로82번길 20 (상갈동, 루터대학교)",경기도 용인시 기흥구 상갈동 17,경기도,용인시,127.11362237676961,37.265064211099116,2026-08-01T20:12:16.527Z
0000470,마산대학교,본교,전문대학,사립,"경상남도 창원시 마산회원구 내서읍 함마대로 2640 (용담리, 마산대학)",경상남도 창원시 마산회원구 내서읍 용담리 181-1,경상남도,창원시,128.5040812682688,35.25890136652668,2026-08-01T20:12:16.527Z
0000109,명지대학교,본교,대학교,사립,"경기도 용인시 처인구 명지로 116 (남동, 명지대학교용인캠퍼스)",경기도 용인시 처인구 남동 555,경기도,용인시,127.18509630318812,37.22354266488637,2026-08-01T20:12:16.527Z
0000111,명지대학교,제2캠퍼스,대학교,사립,"서울특별시 서대문구 거북골로 34 (남가좌동, 명지대학교)",서울특별시 서대문구 남가좌동 50-3,서울특별시,서대문구,126.92255941861805,37.58024315222572,2026-08-01T20:12:16.527Z
0000473,명지전문대학,본교,전문대학,사립,"서울특별시 서대문구 가좌로 134 (홍은동, 명지전문대학)",서울특별시 서대문구 홍은동 323-15,서울특별시,서대문구,126.92606231717997,37.584096489720636,2026-08-01T20:12:16.527Z
0000112,목원대학교,본교,대학교,사립,"대전광역시 서구 도안북로 88 (도안동, 목원대학교)",대전광역시 서구 도안동 800,대전광역시,서구,127.3378768953809,36.32438641014862,2026-08-01T20:12:16.527Z
0000221,목포가톨릭대학교,본교,대학교,사립,"전남광주통합특별시 목포시 영산로 697 (석현동, 목포가톨릭대학교)",전남광주통합특별시 목포시 석현동 894-1,전남광주통합특별시,목포시,126.41918657574382,34.826798297233935,2026-08-01T20:12:16.527Z
0000474,목포과학대학교,본교,전문대학,사립,"전남광주통합특별시 목포시 영산로 413-1 (상동, 목포과학대학)",전남광주통합특별시 목포시 용해동 273-13,전남광주통합특별시,목포시,126.40910513005885,34.80764051031441,2026-08-01T20:12:16.527Z
0000475,문경대학교,본교,전문대학,사립,경상북도 문경시 호계면 대학길 161 (별암리),경상북도 문경시 호계면 별암리 730,경상북도,문경시,128.17408201375164,36.65875797471183,2026-08-01T20:12:16.527Z
0000113,배재대학교,본교,대학교,사립,"대전광역시 서구 배재로 155-40 (도마동, 배재대학교)",대전광역시 서구 도마동 439-6,대전광역시,서구,127.36724243068932,36.32191787304069,2026-08-01T20:12:16.527Z
0000476,배화여자대학교,본교,전문대학,사립,"서울특별시 종로구 필운대로1길 34 (필운동, 배화여자대학)",서울특별시 종로구 누하동 149,서울특별시,종로구,126.9681947106907,37.57901540686903,2026-08-01T20:12:16.527Z
0000178,백석대학교,본교,대학교,사립,충청남도 천안시 동남구 백석대학로 1 (안서동),충청남도 천안시 동남구 안서동 115,충청남도,천안시,127.1857097375615,36.83934360947134,2026-08-01T20:12:16.527Z
0000543,백석문화대학교,본교,전문대학,사립,충청남도 천안시 동남구 백석대학로 1 (안서동),충청남도 천안시 동남구 안서동 115,충청남도,천안시,127.1857097375615,36.83934360947134,2026-08-01T20:12:16.527Z
0000477,백제예술대학교,본교,전문대학,사립,"전라북도 완주군 봉동읍 백제대학로 171 (제내리, 백제예술대학)",전북특별자치도 완주군 봉동읍 제내리 1234,전라북도,완주군,127.1259087374786,35.995547480184655,2026-08-01T20:12:16.527Z
0000114,부산가톨릭대학교,본교,대학교,사립,"부산광역시 금정구 오륜대로 57 (부곡동, 부산가톨릭대학교)",부산광역시 금정구 부곡동 9,부산광역시,금정구,129.09820130638096,35.244994482874304,2026-08-01T20:12:16.527Z
0000479,부산경상대학교,본교,전문대학,사립,"부산광역시 연제구 고분로 170 (연산동, 부산경상대학)",부산광역시 연제구 연산동 277-4,부산광역시,연제구,129.09888787848143,35.18521807454956,2026-08-01T20:12:16.527Z
0000481,부산과학기술대학교,본교,전문대학,사립,"부산광역시 북구 시랑로132번길 88 (구포동, 부산과학기술대학교)",부산광역시 북구 구포동 870,부산광역시,북구,129.0039362656495,35.19587802505788,2026-08-01T20:12:16.527Z
0000014,부산대학교,본교,대학교,국립,"부산광역시 금정구 부산대학로63번길 2 (장전동, 부산대학교)",부산광역시 금정구 장전동 40,부산광역시,금정구,129.08373028852156,35.23026863597215,2026-08-01T20:12:16.527Z
0000467,부산보건대학교,본교,전문대학,사립,"부산광역시 사하구 사리로55번길 16 (괴정동, 동주대학)",부산광역시 사하구 괴정동 220-59,부산광역시,사하구,128.9973830362139,35.105257927408076,2026-08-01T20:12:16.527Z
0000480,부산여자대학교,본교,전문대학,사립,"부산광역시 부산진구 진남로 506 (양정동, 부산여자대학)",부산광역시 부산진구 양정동 74-161,부산광역시,부산진구,129.07273399698565,35.16794776753344,2026-08-01T20:12:16.527Z
0000561,부산예술대학교,본교,전문대학,사립,"부산광역시 남구 못골번영로71번길 74 (대연동, 부산예술대학)",부산광역시 남구 대연동 1552,부산광역시,남구,129.08486452443606,35.14265804585372,2026-08-01T20:12:16.527Z
0000115,부산외국어대학교,본교,대학교,사립,"부산광역시 금정구 금샘로485번길 65 (남산동, 부산외국어대학교)",부산광역시 금정구 남산동 857-1,부산광역시,금정구,129.08103805251852,35.267118564991996,2026-08-01T20:12:16.527Z
0000222,부산장신대학교,본교,대학교,사립,경상남도 김해시 김해대로 1894-68 (구산동),경상남도 김해시 구산동 764,경상남도,김해시,128.86171820510535,35.2563109524548,2026-08-01T20:12:16.527Z
0000482,부천대학교,본교,전문대학,사립,"경기도 부천시 원미구 신흥로56번길 25 (심곡동, 부천대학)",경기도 부천시 원미구 심곡동 424,경기도,부천시,126.77982989628933,37.489831697162046,2026-08-01T20:12:16.527Z
0000116,삼육대학교,본교,대학교,사립,"서울특별시 노원구 화랑로 815 (공릉동, 삼육대학교)",서울특별시 노원구 공릉동 26-38,서울특별시,노원구,127.1085070064982,37.64052455284686,2026-08-01T20:12:16.527Z
0000483,삼육보건대학교,본교,전문대학,사립,"서울특별시 동대문구 망우로 82 (휘경동, 삼육보건대학) 삼육보건대학교",서울특별시 동대문구 휘경동 29-1,서울특별시,동대문구,127.06583320611897,37.588758891187524,2026-08-01T20:12:16.527Z
0000117,상명대학교,본교,대학교,사립,"서울특별시 종로구 홍지문2길 20 (홍지동, 상명대학교)",서울특별시 종로구 홍지동 7-1,서울특별시,종로구,126.95567856544022,37.60310038855627,2026-08-01T20:12:16.527Z
0002959,상명대학교,제2캠퍼스,대학교,사립,"충청남도 천안시 동남구 상명대길 31 (안서동, 상명대학교천안캠퍼스)",충청남도 천안시 동남구 안서동 300,충청남도,천안시,127.1803095535123,36.83232432440916,2026-08-01T20:12:16.527Z
0000119,상지대학교,본교,대학교,사립,강원특별자치도 원주시 상지대길 83 (우산동),강원특별자치도 원주시 우산동 738,강원특별자치도,원주시,127.9312758528091,37.367707847037885,2026-08-01T20:12:16.527Z
0000120,서강대학교,본교,대학교,사립,"서울특별시 마포구 백범로 35 (신수동, 서강대학교)",서울특별시 마포구 대흥동 산 1-30,서울특별시,마포구,126.94231758935422,37.55369479516961,2026-08-01T20:12:16.527Z
0000121,서경대학교,본교,대학교,사립,"서울특별시 성북구 서경로 124 (정릉동, 서경대학교)",서울특별시 성북구 정릉동 산 16-1,서울특별시,성북구,127.01141295643302,37.61532886169918,2026-08-01T20:12:16.527Z
0002646,서영대학교,본교,전문대학,사립,"전남광주통합특별시 북구 서강로 1 (운암동, 서영대학교)",전남광주통합특별시 북구 운암동 789-20,전남광주통합특별시,북구,126.86945604089345,35.174960068391535,2026-08-01T20:12:16.527Z
0000036,서울과학기술대학교,본교,대학교,국립,"서울특별시 노원구 공릉로 232 (공릉동, 서울과학기술대학교)",서울특별시 노원구 공릉동 172,서울특별시,노원구,127.08030555019381,37.63475304214013,2026-08-01T20:12:16.527Z
0000098,서울기독대학교,본교,대학교,사립,"서울특별시 은평구 갈현로4길 26-2 (신사동, 서울기독대학교)",서울특별시 은평구 신사동 1-19,서울특별시,은평구,126.9121927242796,37.600757038445394,2026-08-01T20:12:16.527Z
0000019,서울대학교,본교,대학교,국립대법인,"서울특별시 관악구 관악로 1 (신림동, 서울대학교)",서울특별시 관악구 봉천동 244-2,서울특별시,관악구,126.95702545884443,37.468557417069945,2026-08-01T20:12:16.527Z
0000040,서울시립대학교,본교,대학교,공립,"서울특별시 동대문구 서울시립대로 163 (전농동, 서울시립대학교)",서울특별시 동대문구 전농동 694,서울특별시,동대문구,127.05921030945518,37.58252264016921,2026-08-01T20:12:16.527Z
0000125,서울신학대학교,본교,대학교,사립,"경기도 부천시 소사구 호현로489번길 52 (소사본동, 서울신학대학교)",경기도 부천시 소사구 소사본동 101-1,경기도,부천시,126.79055918259041,37.4786912207728,2026-08-01T20:12:16.527Z
0002973,서울여자간호대학교,본교,전문대학,사립,"서울특별시 서대문구 간호대로 38 (홍제동, 서울여자간호대학교)",서울특별시 서대문구 홍제동 287-89,서울특별시,서대문구,126.94761890684723,37.59733271316581,2026-08-01T20:12:16.527Z
0000126,서울여자대학교,본교,대학교,사립,"서울특별시 노원구 화랑로 621 (공릉동, 서울여자대학교)",서울특별시 노원구 공릉동 126,서울특별시,노원구,127.0934434204766,37.62695573551928,2026-08-01T20:12:16.527Z
0000489,서울예술대학교,본교,전문대학,사립,"경기도 안산시 단원구 예술대학로 171 (고잔동, 서울예술대학)",경기도 안산시 단원구 고잔동 640-1,경기도,안산시,126.83683648237194,37.334410301668356,2026-08-01T20:12:16.527Z
0000127,서울장신대학교,본교,대학교,사립,"경기도 광주시 경안로 145 (경안동, 서울장신대학교)",경기도 광주시 경안동 219-2,경기도,광주시,127.24618214138232,37.41060140032273,2026-08-01T20:12:16.527Z
0000205,서울한영대학교,본교,대학교,사립,서울특별시 구로구 경인로 290-42 (개봉동),서울특별시 구로구 개봉동 415-9,서울특별시,구로구,126.85083001685281,37.496587557592875,2026-08-01T20:12:16.527Z
0000128,서원대학교,본교,대학교,사립,"충청북도 청주시 서원구 무심서로 377-3 (모충동, 서원대학교)",충청북도 청주시 서원구 모충동 273,충청북도,청주시,127.48210862543425,36.625956278356554,2026-08-01T20:12:16.527Z
0000490,서일대학교,본교,전문대학,사립,서울특별시 중랑구 용마산로90길 28 (면목동),서울특별시 중랑구 면목동 49-3,서울특별시,중랑구,127.09722313860036,37.58608224348042,2026-08-01T20:12:16.527Z
0000566,서정대학교,본교,전문대학,사립,경기도 양주시 은현면 서정로 27,경기도 양주시 은현면 용암리 681-1,경기도,양주시,127.03780339892904,37.85646543272463,2026-08-01T20:12:16.527Z
0000550,선린대학교,본교,전문대학,사립,경상북도 포항시 북구 흥해읍 선린대길 30 선린대학교,경상북도 포항시 북구 흥해읍 초곡리 산 38-34,경상북도,포항시,129.33233530987172,36.09187031829137,2026-08-01T20:12:16.527Z
0000129,선문대학교,본교,대학교,사립,"충청남도 아산시 탕정면 선문로221번길 70 (갈산리, 선문대학교)",충청남도 아산시 탕정면 갈산리 100,충청남도,아산시,127.07077496092575,36.79735593480966,2026-08-01T20:12:16.527Z
0000131,성결대학교,본교,대학교,사립,"경기도 안양시 만안구 성결대학로 53 (안양동, 성결대학교)",경기도 안양시 만안구 안양동 400-10,경기도,안양시,126.9288138399358,37.37986262703335,2026-08-01T20:12:16.527Z
0000132,성공회대학교,본교,대학교,사립,"서울특별시 구로구 연동로 320 (항동, 성공회대학교)",서울특별시 구로구 항동 1-1,서울특별시,구로구,126.82503090004444,37.48834490842523,2026-08-01T20:12:16.527Z
0000133,성균관대학교,본교,대학교,사립,"서울특별시 종로구 성균관로 25-2 (명륜3가, 성균관대학교)",서울특별시 종로구 명륜3가 53-21,서울특별시,종로구,126.99453878391037,37.58814910610191,2026-08-01T20:12:16.527Z
0000136,성신여자대학교,본교,대학교,사립,"서울특별시 성북구 보문로34다길 2 (돈암동, 성신여자대학교)",서울특별시 성북구 돈암동 173-1,서울특별시,성북구,127.02197355202122,37.59170093264356,2026-08-01T20:12:16.527Z
0002647,성운대학교,본교,전문대학,사립,경상북도 영천시 신녕면 대학길 105,경상북도 영천시 신녕면 화남리 1135-5,경상북도,영천시,128.76141598709165,36.06421086584973,2026-08-01T20:12:16.527Z
0000515,세경대학교,본교,전문대학,사립,강원특별자치도 영월군 영월읍 하송로 197,강원특별자치도 영월군 영월읍 하송리 산 57,강원특별자치도,영월군,128.45209090978344,37.17520449487057,2026-08-01T20:12:16.527Z
0000137,세명대학교,본교,대학교,사립,"충청북도 제천시 세명로 65 (신월동, 세명대학교)",충청북도 제천시 신월동 522,충청북도,제천시,128.19646316708065,37.176270208688365,2026-08-01T20:12:16.527Z
0000138,세종대학교,본교,대학교,사립,"서울특별시 광진구 능동로 209 (군자동, 세종대학교)",서울특별시 광진구 군자동 98,서울특별시,광진구,127.07318361304209,37.55160935088161,2026-08-01T20:12:16.527Z
0000092,세한대학교,본교,대학교,사립,"전남광주통합특별시 영암군 삼호읍 녹색로 1113 (산호리, 세한대학교)",전남광주통합특별시 영암군 삼호읍 산호리 105-5,전남광주통합특별시,영암군,126.48301388331485,34.74559116742326,2026-08-01T20:12:16.527Z
0000567,송곡대학교,본교,전문대학,사립,강원특별자치도 춘천시 남산면 송곡대학길 34,강원특별자치도 춘천시 남산면 창촌리 1,강원특별자치도,춘천시,127.65311184780803,37.79191226407847,2026-08-01T20:12:16.527Z
0000243,송원대학교,본교,대학교,사립,"전남광주통합특별시 남구 송암로 73 (송하동, 송원대학)",전남광주통합특별시 남구 송하동 365-1,전남광주통합특별시,남구,126.87200209720734,35.11333485972577,2026-08-01T20:12:16.527Z
0000564,송호대학교,본교,전문대학,사립,강원특별자치도 횡성군 횡성읍 남산로 210,강원특별자치도 횡성군 횡성읍 남산리 69-1,강원특별자치도,횡성군,128.00121795278255,37.47076178606526,2026-08-01T20:12:16.527Z
0002649,수성대학교,본교,전문대학,사립,"대구광역시 수성구 달구벌대로528길 15 (만촌동, 수성대학교)",대구광역시 수성구 만촌동 산 391,대구광역시,수성구,128.64812432989828,35.85397240854698,2026-08-01T20:12:16.527Z
0000139,수원가톨릭대학교,본교,대학교,사립,"경기도 화성시 봉담읍 왕림1길 67 (왕림리, 수원가톨릭대학교)",경기도 화성시 효행구 봉담읍 왕림리 226,경기도,화성시,126.9339237340935,37.1933283378457,2026-08-01T20:12:16.527Z
0000497,수원과학대학교,본교,전문대학,사립,"경기도 화성시 정남면 세자로 288 (보통리, 수원과학대학)",경기도 화성시 효행구 정남면 보통리 141-44,경기도,화성시,126.98127038043418,37.19243333848796,2026-08-01T20:12:16.527Z
0000140,수원대학교,본교,대학교,사립,"경기도 화성시 봉담읍 와우안길 17 (와우리, 수원대학교)",경기도 화성시 효행구 봉담읍 와우리 6,경기도,화성시,126.97970695757886,37.20722611759146,2026-08-01T20:12:16.527Z
0000496,수원여자대학교,본교,전문대학,사립,"경기도 수원시 권선구 온정로 72 (오목천동, 수원여자대학)",경기도 수원시 권선구 오목천동 39-21,경기도,수원시,126.96374896936351,37.251011693266605,2026-08-01T20:12:16.527Z
0000141,숙명여자대학교,본교,대학교,사립,"서울특별시 용산구 청파로47길 90 (청파동2가, 숙명여자대학교)",서울특별시 용산구 청파동2가 53,서울특별시,용산구,126.96534477121517,37.54529927693998,2026-08-01T20:12:16.527Z
0000498,순천제일대학교,본교,전문대학,사립,"전남광주통합특별시 순천시 제일대학길 17 (덕월동, 순천제일대학)",전남광주통합특별시 순천시 덕월동 535,전남광주통합특별시,순천시,127.48429091496703,34.93364076500803,2026-08-01T20:12:16.527Z
0000142,순천향대학교,본교,대학교,사립,"충청남도 아산시 신창면 순천향로 22 (읍내리, 순천향대학교)",충청남도 아산시 신창면 읍내리 646,충청남도,아산시,126.9289373192372,36.76835123315469,2026-08-01T20:12:16.527Z
0000143,숭실대학교,본교,대학교,사립,"서울특별시 동작구 상도로 369 (상도동, 숭실대학교)",서울특별시 동작구 상도동 511,서울특별시,동작구,126.95507100599167,37.496547184084456,2026-08-01T20:12:16.527Z
0000500,숭의여자대학교,본교,전문대학,사립,"서울특별시 중구 소파로2길 10 (예장동, 숭의여자대학)",서울특별시 중구 예장동 8-3,서울특별시,중구,126.98759899033695,37.55733174664654,2026-08-01T20:12:16.527Z
0000065,신경주대학교,본교,대학교,사립,"경상북도 경주시 태종로 188 (효현동, 경주대학교)",경상북도 경주시 효현동 670,경상북도,경주시,129.16181988484274,35.83161118336814,2026-08-01T20:12:16.527Z
0000501,신구대학교,본교,전문대학,사립,"경기도 성남시 중원구 광명로 377 (금광동, 신구대학)",경기도 성남시 중원구 금광동 2685,경기도,성남시,127.16784173736673,37.447324464746245,2026-08-01T20:12:16.527Z
0000144,신라대학교,본교,대학교,사립,"부산광역시 사상구 백양대로700번길 140 (괘법동, 신라대학교)",부산광역시 사상구 괘법동 산 1-23,부산광역시,사상구,128.99528462430067,35.169233383896774,2026-08-01T20:12:16.527Z
0000502,신성대학교,본교,전문대학,사립,"충청남도 당진시 정미면 대학로 1 (덕마리, 신성대학교)",충청남도 당진시 정미면 덕마리 230-2,충청남도,당진시,126.59331936923937,36.8524931208457,2026-08-01T20:12:16.527Z
0000506,신안산대학교,본교,전문대학,사립,"경기도 안산시 단원구 신안산대학로 135 (초지동, 신안산대학교)",경기도 안산시 단원구 초지동 671,경기도,안산시,126.80798007033172,37.30912909942461,2026-08-01T20:12:16.527Z
0002712,신한대학교,본교,대학교,사립,"경기도 동두천시 벌마들로40번길 30 (상패동, 신한대학교)",경기도 동두천시 상패동 233-1,경기도,동두천시,127.03788749489192,37.903870649170386,2026-08-01T20:12:16.527Z
0002800,신한대학교,제2캠퍼스,대학교,사립,"경기도 의정부시 호암로 95 (호원동, 신한대학교)",경기도 의정부시 호원동 117-1,경기도,의정부시,127.0459016495225,37.71062784887174,2026-08-01T20:12:16.527Z
0000145,아신대학교,본교,대학교,사립,경기도 양평군 옥천면 경강로 1276 아신대학교,경기도 양평군 옥천면 아신리 933-17,경기도,양평군,127.42910104138127,37.5112033867927,2026-08-01T20:12:16.527Z
0000146,아주대학교,본교,대학교,사립,"경기도 수원시 영통구 월드컵로 206 (원천동, 아주대학교)",경기도 수원시 영통구 원천동 산 5-1,경기도,수원시,127.04275066682418,37.28408702575119,2026-08-01T20:12:16.527Z
0000454,아주자동차대학교,본교,전문대학,사립,충청남도 보령시 주포면 대학길 106,충청남도 보령시 주포면 관산리 290-1,충청남도,보령시,126.57957076620491,36.40350783142065,2026-08-01T20:12:16.527Z
0002650,안동과학대학교,본교,전문대학,사립,"경상북도 안동시 서후면 서선길 189 (교리, 안동과학대학교)",경상북도 안동시 서후면 교리 496,경상북도,안동시,128.6557361999267,36.59138297664799,2026-08-01T20:12:16.527Z
0000507,안산대학교,본교,전문대학,사립,"경기도 안산시 상록구 안산대학로 155 (일동, 안산대학교)",경기도 안산시 상록구 일동 752,경기도,안산시,126.87805811635897,37.30928708055616,2026-08-01T20:12:16.527Z
0000147,안양대학교,본교,대학교,사립,"경기도 안양시 만안구 삼덕로37번길 22 (안양동, 안양대학교)",경기도 안양시 만안구 안양동 708-113,경기도,안양시,126.92046361203208,37.391786454003864,2026-08-01T20:12:16.527Z
0000148,안양대학교,제2캠퍼스,대학교,사립,"인천광역시 강화군 불은면 중앙로 602-14 (삼성리, 안양대학교강화캠퍼스)",인천광역시 강화군 불은면 삼성리 809-170,인천광역시,강화군,126.44471138628481,37.71100393431708,2026-08-01T20:12:16.527Z
0000510,여주대학교,본교,전문대학,사립,"경기도 여주시 세종로 338 (교동, 여주대학교)",경기도 여주시 교동 454-4,경기도,여주시,127.6322762339012,37.26955872195319,2026-08-01T20:12:16.527Z
0002651,연성대학교,본교,전문대학,사립,"경기도 안양시 만안구 양화로37번길 34 (안양동, 연성대학교)",경기도 안양시 만안구 안양동 922-1,경기도,안양시,126.90701103606503,37.39641923936206,2026-08-01T20:12:16.527Z
0000149,연세대학교,본교,대학교,사립,"서울특별시 서대문구 연세로 50 (신촌동, 연세대학교)",서울특별시 서대문구 신촌동 134,서울특별시,서대문구,126.9389139906308,37.5643439976086,2026-08-01T20:12:16.527Z
0000150,연세대학교(미래),분교,대학교,사립,강원특별자치도 원주시 흥업면 연세대길 1 연세대학교 미래캠퍼스,강원특별자치도 원주시 흥업면 매지리 1496,강원특별자치도,원주시,127.90348632414302,37.277885687778635,2026-08-01T20:12:16.527Z
0002652,연암공과대학교,본교,전문대학,사립,"경남 진주시 진주대로 629번길 35(가좌동, 연암공과대학교)",경상남도 진주시 가좌동 780,,,128.09809544803613,35.16415649291834,2026-08-01T20:12:16.527Z
0000512,연암대학교,본교,전문대학,사립,"충청남도 천안시 서북구 성환읍 연암로 313 (수향리, 천안연암대학)",충청남도 천안시 서북구 성환읍 수향리 95-3,충청남도,천안시,127.15436414294095,36.95151130668487,2026-08-01T20:12:16.527Z
0000151,영남대학교,본교,대학교,사립,"경상북도 경산시 대학로 280 (대동, 영남대학교)",경상북도 경산시 삼풍동 300,경상북도,경산시,128.7539352994309,35.82802487396762,2026-08-01T20:12:16.527Z
0000153,영남신학대학교,본교,대학교,사립,"경상북도 경산시 진량읍 봉회1길 26 (봉회리, 영남신학대학교)",경상북도 경산시 진량읍 봉회리 117,경상북도,경산시,128.8180475807701,35.88036999271941,2026-08-01T20:12:16.527Z
0000418,영남외국어대학,본교,전문대학,사립,"경상북도 경산시 남천면 남천로 780-9 (협석리, 영남외국어대학)",경상북도 경산시 남천면 협석리 220-4,경상북도,경산시,128.73325521546167,35.78578058949526,2026-08-01T20:12:16.527Z
0000513,영남이공대학교,본교,전문대학,사립,"대구광역시 남구 현충로 170 (대명동, 영남이공대학)",대구광역시 남구 대명동 322,대구광역시,남구,128.58442353481968,35.845656849487796,2026-08-01T20:12:16.527Z
0003194,영산대학교(양산),제2캠퍼스,대학교,사립,경상남도 양산시 주남로 288 (주남동) 영산대학교 양산캠퍼스,경상남도 양산시 주남동 982-4,경상남도,양산시,129.14599371470817,35.4287551091293,2026-08-01T20:12:16.527Z
0003193,영산대학교(해운대),본교,대학교,사립,부산광역시 해운대구 반송순환로 142 (반송동) 영산대학교 해운대캠퍼스,부산광역시 해운대구 반송동 248,부산광역시,해운대구,129.15656370510453,35.22424005208005,2026-08-01T20:12:16.527Z
0000155,영산선학대학교,본교,대학교,사립,전남광주통합특별시 영광군 백수읍 성지로 1357 (길용리),전남광주통합특별시 영광군 백수읍 길용리 771-2,전남광주통합특별시,영광군,126.44158484159215,35.32655559384011,2026-08-01T20:12:16.527Z
0000517,영진전문대학교,본교,전문대학,사립,"대구광역시 북구 복현로 35 (복현동, 영진전문대학)",대구광역시 북구 복현동 218,대구광역시,북구,128.62192617680626,35.89674057607597,2026-08-01T20:12:16.527Z
0000228,예수대학교,본교,대학교,사립,"전라북도 전주시 완산구 서원로 383 (중화산동1가, 예수대학교)",전북특별자치도 전주시 완산구 중화산동1가 168-1,전라북도,전주시,127.13417766218997,35.81569174457272,2026-08-01T20:12:16.527Z
0000218,예원예술대학교,본교,대학교,사립,"전라북도 임실군 신평면 창인로 117 (창인리, 예원예술학교)",전북특별자치도 임실군 신평면 창인리 271,전라북도,임실군,127.27094947251089,35.64689670083379,2026-08-01T20:12:16.527Z
0000219,예원예술대학교,제2캠퍼스,대학교,사립,경기도 양주시 은현면 예원대학로 56,경기도 양주시 은현면 용암리 784-13,경기도,양주시,127.0357335470958,37.845567481624165,2026-08-01T20:12:16.527Z
0002653,오산대학교,본교,전문대학,사립,"경기도 오산시 청학로 45 (청학동, 오산대학)",경기도 오산시 청학동 17,경기도,오산시,127.05830550329898,37.156429283505894,2026-08-01T20:12:16.527Z
0000156,용인대학교,본교,대학교,사립,"경기도 용인시 처인구 용인대학로 134 (삼가동, 용인대학교)",경기도 용인시 처인구 삼가동 470,경기도,용인시,127.16950139511307,37.22577402356981,2026-08-01T20:12:16.527Z
0000520,용인예술과학대학교,본교,전문대학,사립,"경기도 용인시 처인구 동부로 61 (마평동, 용인송담대학교)",경기도 용인시 처인구 마평동 961,경기도,용인시,127.21817095165561,37.22921953455622,2026-08-01T20:12:16.527Z
0000157,우석대학교,본교,대학교,사립,"전라북도 완주군 삼례읍 삼례로 443 (후정리, 우석대학교)",전북특별자치도 완주군 삼례읍 후정리 490,전라북도,완주군,127.06931446461982,35.91328749208547,2026-08-01T20:12:16.527Z
0000240,우송대학교,본교,대학교,사립,"대전광역시 동구 동대전로 171 (자양동, 우송정보대학)",대전광역시 동구 자양동 155-3,대전광역시,동구,127.44646700149981,36.33813494441309,2026-08-01T20:12:16.527Z
0000452,우송정보대학,본교,전문대학,사립,대전광역시 동구 백룡로 59(자양동 101-17) 우송정보대학,대전광역시 동구 자양동 17-2,대전광역시,동구,127.45310943433697,36.33595743645146,2026-08-01T20:12:16.527Z
0000250,울산과학기술원,본교,대학교,특별법법인,"울산광역시 울주군 언양읍 유니스트길 50 (반연리, 울산과학기술원)",울산광역시 울주군 언양읍 반연리 산 69-3,울산광역시,울주군,129.18795051780586,35.57676321015778,2026-08-01T20:12:16.527Z
0000521,울산과학대학교,본교,전문대학,사립,"울산광역시 동구 봉수로 101 (화정동, 울산과학대학동부캠퍼스)",울산광역시 동구 화정동 74,울산광역시,동구,129.41746094303588,35.49813342222672,2026-08-01T20:12:16.527Z
0000158,울산대학교,본교,대학교,사립,"울산광역시 남구 대학로 93 (무거동, 울산대학교)",울산광역시 남구 무거동 759,울산광역시,남구,129.25807264994955,35.54641540065637,2026-08-01T20:12:16.527Z
0000568,웅지세무대학교,본교,전문대학,사립,"경기도 파주시 탄현면 웅지로144번길 73 (금승리, 웅지세무대학)",경기도 파주시 탄현면 금승리 536-2,경기도,파주시,126.73572454876272,37.81874357699393,2026-08-01T20:12:16.527Z
0000159,원광대학교,본교,대학교,사립,전북특별자치도 익산시 익산대로 460 (신동),전북특별자치도 익산시 신동 272,전북특별자치도,익산시,126.96123535208517,35.96664207915565,2026-08-01T20:12:16.527Z
0000160,위덕대학교,본교,대학교,사립,"경상북도 경주시 강동면 동해대로 261 (유금리, 위덕대학교)",경상북도 경주시 강동면 유금리 525,경상북도,경주시,129.28417542015836,36.01188063808809,2026-08-01T20:12:16.527Z
0000154,유원대학교,본교,대학교,사립,충청북도 영동군 영동읍 대학로 310,충청북도 영동군 영동읍 설계리 54,충청북도,영동군,127.79783812635196,36.1929699906805,2026-08-01T20:12:16.527Z
0000524,유한대학교,본교,전문대학,사립,"경기도 부천시 소사구 경인로 590 (괴안동, 유한대학)",경기도 부천시 소사구 괴안동 185-34,경기도,부천시,126.82044403423669,37.487643376940326,2026-08-01T20:12:16.527Z
0000161,을지대학교,본교,대학교,사립,"대전광역시 중구 계룡로771번길 77 (목동, 을지대학교대전캠퍼스)",대전광역시 중구 목동 24-14,대전광역시,중구,127.40571376529162,36.33295979878167,2026-08-01T20:12:16.527Z
0000162,을지대학교,제2캠퍼스,대학교,사립,"경기도 성남시 수정구 산성대로 553 (양지동, 을지대학교)",경기도 성남시 수정구 양지동 212,경기도,성남시,127.16478422500646,37.459801381716844,2026-08-01T20:12:16.527Z
0002911,을지대학교,제3캠퍼스,대학교,사립,경기도 의정부시 동일로 712 (금오동),경기도 의정부시 금오동 489,경기도,의정부시,127.05012451782468,37.75399410163559,2026-08-01T20:12:16.527Z
0000163,이화여자대학교,본교,대학교,사립,"서울특별시 서대문구 이화여대길 52 (대현동, 이화여자대학교)",서울특별시 서대문구 대현동 11-1,서울특별시,서대문구,126.94469567036427,37.560311865044184,2026-08-01T20:12:16.527Z
0000525,인덕대학교,본교,전문대학,사립,"서울특별시 노원구 초안산로 12 (월계동, 인덕대학)",서울특별시 노원구 월계동 648-7,서울특별시,노원구,127.05604152528363,37.632459255768005,2026-08-01T20:12:16.527Z
0000164,인제대학교,본교,대학교,사립,"경상남도 김해시 인제로 197 (어방동, 인제대학교)",경상남도 김해시 어방동 607,경상남도,김해시,128.90190636770552,35.24848399760991,2026-08-01T20:12:16.527Z
0000166,인제대학교,제2캠퍼스,대학교,사립,"부산광역시 부산진구 복지로 75 (개금동, 백병원)",부산광역시 부산진구 개금동 633-165,부산광역시,부산진구,129.02124841973858,35.146158164750744,2026-08-01T20:12:16.527Z
0000167,인천가톨릭대학교,제2캠퍼스,대학교,사립,인천광역시 연수구 송도문화로120번길 20 (송도동) 인천가톨릭대학교,인천광역시 연수구 송도동 193-3,인천광역시,연수구,126.66350700778503,37.37262432488312,2026-08-01T20:12:16.527Z
0000168,인천가톨릭대학교,본교,대학교,사립,"인천광역시 강화군 양도면 고려왕릉로 53-1 (도장리, 인천가톨릭대학교)",인천광역시 강화군 양도면 도장리 495,인천광역시,강화군,126.44660576107611,37.65739205105163,2026-08-01T20:12:16.527Z
0002660,인천대학교,본교,대학교,국립대법인,"인천광역시 연수구 아카데미로 119 (송도동, 인천대학교)",인천광역시 연수구 송도동 12-1,인천광역시,연수구,126.63251429718152,37.37803467293007,2026-08-01T20:12:16.527Z
0002654,인하공업전문대학,본교,전문대학,사립,"인천광역시 미추홀구 인하로 100 (용현동, 인하대,인하공전,정석항공고) 인하공업전문대학",인천광역시 미추홀구 용현동 703,인천광역시,미추홀구,126.65882410888811,37.447782658192054,2026-08-01T20:12:16.527Z
0000169,인하대학교,본교,대학교,사립,인천광역시 미추홀구 인하로 100(용현동) 인하대학교,인천광역시 미추홀구 용현동 253-4,인천광역시,미추홀구,126.65015810056178,37.44963903501953,2026-08-01T20:12:16.527Z
0000170,장로회신학대학교,본교,대학교,사립,"서울특별시 광진구 광장로5길 25-1 (광장동, 장로회신학대학교)",서울특별시 광진구 광장동 353,서울특별시,광진구,127.10489916115168,37.54933881597185,2026-08-01T20:12:16.527Z
0000527,장안대학교,본교,전문대학,사립,"경기도 화성시 봉담읍 삼천병마로 1182 (상리, 장안대학)",경기도 화성시 효행구 봉담읍 상리 460,경기도,화성시,126.94747108002795,37.21299057590613,2026-08-01T20:12:16.527Z
0000529,전남과학대학교,본교,전문대학,사립,전남광주통합특별시 곡성군 옥과면 대학로 113 (옥과리),전남광주통합특별시 곡성군 옥과면 옥과리 285,전남광주통합특별시,곡성군,127.13202044439622,35.276526708818025,2026-08-01T20:12:16.527Z
0000023,전남대학교,본교,대학교,국립,전남광주통합특별시 북구 용봉로 77 (용봉동),전남광주통합특별시 북구 용봉동 300,전남광주통합특별시,북구,126.91092009095902,35.18080143899947,2026-08-01T20:12:16.527Z
0000024,전남대학교,제2캠퍼스,대학교,국립,"전남광주통합특별시 여수시 대학로 50 (둔덕동, 전남대학교여수캠퍼스)",전남광주통합특별시 여수시 둔덕동 산 96-1,전남광주통합특별시,여수시,127.69701646351936,34.77511245799433,2026-08-01T20:12:16.527Z
0000531,전북과학대학교,본교,전문대학,사립,전북특별자치도 정읍시 정읍사로 509 (시기동),전북특별자치도 정읍시 신월동 산 31-4,전북특별자치도,정읍시,126.86074315411582,35.54698608355048,2026-08-01T20:12:16.527Z
0000025,전북대학교,본교,대학교,국립,"전라북도 전주시 덕진구 백제대로 567 (금암동, 전북대학교)",전북특별자치도 전주시 덕진구 덕진동1가 664-14,전라북도,전주시,127.12851749764269,35.84631373088983,2026-08-01T20:12:16.527Z
0000437,전주기전대학,본교,전문대학,사립,"전라북도 전주시 완산구 전주천서로 267 (중화산동1가, 전주기전대학)",전북특별자치도 전주시 완산구 중화산동1가 188-12,전라북도,전주시,127.13635845006684,35.81704619841441,2026-08-01T20:12:16.527Z
0000171,전주대학교,본교,대학교,사립,전북특별자치도 전주시 완산구 천잠로 303 (효자동2가),전북특별자치도 전주시 완산구 효자동3가 1203,전북특별자치도,전주시,127.08501643339355,35.81709253287511,2026-08-01T20:12:16.527Z
0000530,전주비전대학교,본교,전문대학,사립,"전라북도 전주시 완산구 천잠로 235 (효자동2가, 전주비전대학)",전북특별자치도 전주시 완산구 효자동2가 1070,전라북도,전주시,127.09190455810663,35.80884372563773,2026-08-01T20:12:16.527Z
0000532,제주관광대학교,본교,전문대학,사립,"제주특별자치도 제주시 애월읍 평화로 2715 (광령리, 제주관광대학)",제주특별자치도 제주시 애월읍 광령리 2615,제주특별자치도,제주시,126.43453417534579,33.44705578176624,2026-08-01T20:12:16.527Z
0000248,제주국제대학교,본교,대학교,사립,제주특별자치도 제주시 516로 2870 (영평동),제주특별자치도 제주시 영평동 2235,제주특별자치도,제주시,126.57013518106243,33.44125106496836,2026-08-01T20:12:16.527Z
0000027,제주대학교,본교,대학교,국립,"제주특별자치도 제주시 제주대학로 102 (아라일동, 제주대학교)",제주특별자치도 제주시 아라일동 1,제주특별자치도,제주시,126.56196914244602,33.455833798132986,2026-08-01T20:12:16.527Z
0002655,제주한라대학교,본교,전문대학,사립,"제주특별자치도 제주시 한라대학로 38 (노형동, 제주한라대학)",제주특별자치도 제주시 노형동 1534,제주특별자치도,제주시,126.47486627457468,33.477164895094475,2026-08-01T20:12:16.527Z
0002974,조선간호대학교,본교,전문대학,사립,전남광주통합특별시 동구 조선대2길 70(서석동) 조선간호대학교,전남광주통합특별시 동구 서석동 280,전남광주통합특별시,동구,126.92879136841074,35.13780185813428,2026-08-01T20:12:16.527Z
0000172,조선대학교,본교,대학교,사립,전남광주통합특별시 동구 조선대길 146(서석동),전남광주통합특별시 동구 서석동 375,전남광주통합특별시,동구,126.93470435417558,35.142739608731404,2026-08-01T20:12:16.527Z
0000534,조선이공대학교,본교,전문대학,사립,전남광주통합특별시 동구 조선이공대길 11(서석동) 조선이공대학교,전남광주통합특별시 동구 서석동 240,전남광주통합특별시,동구,126.93165801696296,35.139819632074136,2026-08-01T20:12:16.527Z
0000173,중부대학교,본교,대학교,사립,"충청남도 금산군 추부면 대학로 201 (마전리, 중부대학교)",충청남도 금산군 추부면 마전리 755,충청남도,금산군,127.44859455856772,36.19314699250299,2026-08-01T20:12:16.527Z
0000174,중앙대학교,제2캠퍼스,대학교,사립,"경기도 안성시 대덕면 서동대로 4726 (내리, 중앙대학교)",경기도 안성시 대덕면 내리 10-1,경기도,안성시,127.23125366210766,37.00330598113146,2026-08-01T20:12:16.527Z
0000175,중앙대학교,본교,대학교,사립,"서울특별시 동작구 흑석로 84 (흑석동, 중앙대학교)",서울특별시 동작구 흑석동 221,서울특별시,동작구,126.95626212046739,37.50264386285164,2026-08-01T20:12:16.527Z
0000177,중앙승가대학교,본교,대학교,사립,경기도 김포시 승가로 123 (풍무동),경기도 김포시 풍무동 671-1,경기도,김포시,126.70573305871851,37.60418610674748,2026-08-01T20:12:16.527Z
0000239,중원대학교,본교,대학교,사립,"충청북도 괴산군 괴산읍 문무로 85 (동부리, 중원대학교)",충청북도 괴산군 괴산읍 동부리 5,충청북도,괴산군,127.79743750352229,36.82012096035326,2026-08-01T20:12:16.527Z
0000539,진주보건대학교,본교,전문대학,사립,"경상남도 진주시 의병로 51 (상봉동, 진주보건대학)",경상남도 진주시 유곡동 160,경상남도,진주시,128.0680326304805,35.197489396010766,2026-08-01T20:12:16.527Z
0000187,차의과학대학교,본교,대학교,사립,"경기도 포천시 해룡로 120 (동교동, 포천중문의과대학) 차의과학대학교",경기도 포천시 동교동 198-1,경기도,포천시,127.13772629327751,37.85705809678533,2026-08-01T20:12:16.527Z
0000249,창신대학교,본교,대학교,사립,"경상남도 창원시 마산회원구 팔용로 262 (합성동, 창신대학)",경상남도 창원시 마산회원구 합성동 1,경상남도,창원시,128.60033408920586,35.24491111824501,2026-08-01T20:12:16.527Z
0000542,창원문성대학교,본교,전문대학,사립,경상남도 창원시 성산구 충혼로 91(두대동),경상남도 창원시 성산구 두대동 산 65-8,경상남도,창원시,128.66025040880828,35.23224698347177,2026-08-01T20:12:16.527Z
0000544,청강문화산업대학교,본교,전문대학,사립,"경기도 이천시 마장면 청강가창로 389-94 (해월리, 청강문화산업대학)",경기도 이천시 마장면 해월리 33,경기도,이천시,127.35667773822395,37.20635278008335,2026-08-01T20:12:16.527Z
0002656,청암대학교,본교,전문대학,사립,"전남광주통합특별시 순천시 녹색로 1641 (덕월동, 순천청암대학)",전남광주통합특별시 순천시 덕월동 340-1,전남광주통합특별시,순천시,127.49023037298689,34.928529100767676,2026-08-01T20:12:16.527Z
0000179,청주대학교,본교,대학교,사립,"충청북도 청주시 청원구 대성로 298 (내덕동, 청주대학교)",충청북도 청주시 청원구 우암동 213,충청북도,청주시,127.49269063482234,36.65173970052292,2026-08-01T20:12:16.527Z
0000246,초당대학교,본교,대학교,사립,"전남광주통합특별시 무안군 무안읍 무안로 380 (성남리, 초당대학교)",전남광주통합특별시 무안군 무안읍 성남리 419,전남광주통합특별시,무안군,126.4761514739618,34.97692637375833,2026-08-01T20:12:16.527Z
0000180,총신대학교,본교,대학교,사립,"서울특별시 동작구 사당로 143 (사당동, 총신대학교)",서울특별시 동작구 사당동 200-1,서울특별시,동작구,126.96680545296292,37.488050362223575,2026-08-01T20:12:16.527Z
0000181,추계예술대학교,본교,대학교,사립,"서울특별시 서대문구 북아현로11가길 7 (북아현동, 추계예술대학교)",서울특별시 서대문구 북아현동 190-1,서울특별시,서대문구,126.95387922093033,37.56257201091894,2026-08-01T20:12:16.527Z
0000545,춘해보건대학교,본교,전문대학,사립,"울산광역시 울주군 웅촌면 대학길 9 (곡천리, 춘해보건대학)",울산광역시 울주군 웅촌면 곡천리 677,울산광역시,울주군,129.19752458833574,35.458304214724556,2026-08-01T20:12:16.527Z
0000029,충남대학교,본교,대학교,국립,"대전광역시 유성구 대학로 99 (궁동, 충남대학교)",대전광역시 유성구 궁동 220,대전광역시,유성구,127.34648423837936,36.36579703809197,2026-08-01T20:12:16.527Z
0002657,충남도립대학교,본교,전문대학,공립,"충청남도 청양군 청양읍 학사길 55 (벽천리, 충남도립대학교)",충청남도 청양군 청양읍 벽천리 89-7,충청남도,청양군,126.80178353419623,36.43819162609552,2026-08-01T20:12:16.527Z
0000030,충북대학교,본교,대학교,국립,"충청북도 청주시 서원구 충대로 1 (개신동, 충북대학교)",충청북도 청주시 서원구 개신동 12,충청북도,청주시,127.45934061503979,36.62818573805973,2026-08-01T20:12:16.527Z
0000406,충북도립대학교,본교,전문대학,공립,충청북도 옥천군 옥천읍 대학길 15 (문정리),충청북도 옥천군 옥천읍 금구리 40-1,충청북도,옥천군,127.5721387666993,36.299999463456544,2026-08-01T20:12:16.527Z
0000536,충북보건과학대학교,본교,전문대학,사립,"충청북도 청주시 청원구 내수읍 덕암길 10 (덕암리, 충북보건과학대학교)",충청북도 청주시 청원구 내수읍 덕암리 669,충청북도,청주시,127.55278636949394,36.701750719110336,2026-08-01T20:12:16.527Z
0000547,충청대학교,본교,전문대학,사립,"충청북도 청주시 흥덕구 강내면 월곡길 38 (월곡리, 충청대학)",충청북도 청주시 흥덕구 강내면 월곡리 301-3,충청북도,청주시,127.36714047109719,36.62148509829987,2026-08-01T20:12:16.527Z
0000184,칼빈대학교,본교,대학교,사립,"경기도 용인시 기흥구 마북로 184 (마북동, 칼빈대학교)",경기도 용인시 기흥구 마북동 산 11-1,경기도,용인시,127.12941107340706,37.30536278889019,2026-08-01T20:12:16.527Z
0000186,평택대학교,본교,대학교,사립,"경기도 평택시 서동대로 3825 (용이동, 평택대학교)",경기도 평택시 용이동 605,경기도,평택시,127.13192141689467,36.995107013777584,2026-08-01T20:12:16.527Z
0000188,포항공과대학교,본교,대학교,사립,"경상북도 포항시 남구 청암로 77 (지곡동, 포항공과대학교)",경상북도 포항시 남구 지곡동 산 260-1,경상북도,포항시,129.3208153025875,36.01718170263163,2026-08-01T20:12:16.527Z
0002658,포항대학교,본교,전문대학,사립,경상북도 포항시 북구 흥해읍 포항대학로 7,경상북도 포항시 북구 흥해읍 죽천리 산 63,경상북도,포항시,129.41095185042602,36.08723664597493,2026-08-01T20:12:16.527Z
0000037,한경국립대학교,본교,대학교,국립,"경기도 안성시 중앙로 327 (석정동, 한경대학교)",경기도 안성시 석정동 336,경기도,안성시,127.26582798433265,37.01173860274237,2026-08-01T20:12:16.527Z
0000578,한국골프과학기술대학교,본교,전문대학,사립,강원특별자치도 횡성군 우천면 하대5길 109 한국골프과학기술대학교,강원특별자치도 횡성군 우천면 하대리 281-1,강원특별자치도,횡성군,128.0766756288387,37.46715388098644,2026-08-01T20:12:16.527Z
0000247,한국공학대학교,본교,대학교,사립,경기도 시흥시 산기대학로 237 (정왕동),경기도 시흥시 정왕동 2121-1,경기도,시흥시,126.73362460073025,37.34068595961445,2026-08-01T20:12:16.527Z
0000374,한국과학기술원,본교,대학교,특별법법인,"대전광역시 유성구 대학로 291 (구성동, 한국과학기술원)",대전광역시 유성구 구성동 23,대전광역시,유성구,127.36030146141235,36.36620895353134,2026-08-01T20:12:16.527Z
0000565,한국관광대학교,본교,전문대학,사립,"경기도 이천시 신둔면 이장로311번길 197-73 (고척리, 한국관광대학)",경기도 이천시 신둔면 고척리 363-10,경기도,이천시,127.37683612825899,37.28332937995454,2026-08-01T20:12:16.527Z
0000031,한국교원대학교,본교,대학교,국립,"충청북도 청주시 흥덕구 강내면 태성탑연로 250 (다락리, 한국교원대학교)",충청북도 청주시 흥덕구 강내면 월탄리 6,충청북도,청주시,127.35858397915685,36.607608253616306,2026-08-01T20:12:16.527Z
0000189,한국기술교육대학교,본교,대학교,사립,"충청남도 천안시 동남구 병천면 충절로 1600 (가전리, 한국기술교육대학교)",충청남도 천안시 동남구 병천면 가전리 307,충청남도,천안시,127.28121941950931,36.76301618591532,2026-08-01T20:12:16.527Z
0003019,한국농수산대학교,본교,전문대학,특별법국립,전라북도 전주시 덕진구 콩쥐팥쥐로 1515(중동),전북특별자치도 전주시 덕진구 중동 837,전라북도,전주시,127.06936808869852,35.82610245960102,2026-08-01T20:12:16.527Z
0000191,한국성서대학교,본교,대학교,사립,"서울특별시 노원구 동일로214길 32 (상계동, 한국성서대학교)",서울특별시 노원구 상계동 205-4,서울특별시,노원구,127.06374723628883,37.648946554847186,2026-08-01T20:12:16.527Z
0000570,한국승강기대학교,본교,전문대학,사립,"경상남도 거창군 거창읍 운정1길 120 (송정리, 한국승강기대학)",경상남도 거창군 거창읍 송정리 700,경상남도,거창군,127.89667893285079,35.67472558171117,2026-08-01T20:12:16.527Z
0003139,한국에너지공과대학교,본교,대학교,특별법법인,전남광주통합특별시 나주시 켄텍길 21(빛가람동),전남광주통합특별시 나주시 빛가람동 908-1,전남광주통합특별시,나주시,126.80334672760002,35.01057344610669,2026-08-01T20:12:16.527Z
0000522,한국영상대학교,본교,전문대학,사립,"세종특별자치시 장군면 대학길 300 (금암리, 한국영상대학)",세종특별자치시  장군면 금암리 180-1,세종특별자치시,장군,127.20924043113737,36.46355568744103,2026-08-01T20:12:16.527Z
0000192,한국외국어대학교,본교,대학교,사립,"서울특별시 동대문구 이문로 107 (이문동, 한국외국어대학교)",서울특별시 동대문구 이문동 270-1,서울특별시,동대문구,127.05831344541863,37.597275776120796,2026-08-01T20:12:16.527Z
0003022,한국전통문화대학교,본교,대학교,특별법국립,"충청남도 부여군 규암면 백제문로 367 (합정리, 한국전통문화대학교)",충청남도 부여군 규암면 합정리 619,충청남도,부여군,126.89605477601376,36.30891139428198,2026-08-01T20:12:16.527Z
0000032,한국체육대학교,본교,대학교,국립,"서울특별시 송파구 양재대로 1239 (방이동, 한국체육대학교)",서울특별시 송파구 방이동 88-15,서울특별시,송파구,127.12971904255238,37.51848826937996,2026-08-01T20:12:16.527Z
0000182,한국침례신학대학교,본교,대학교,사립,"대전광역시 유성구 북유성대로 190 (하기동, 침례신학대학)",대전광역시 유성구 하기동 산 15-3,대전광역시,유성구,127.32541395965139,36.385218196079165,2026-08-01T20:12:16.527Z
0000194,한국항공대학교,본교,대학교,사립,"경기도 고양시 덕양구 항공대학로 76 (화전동, 한국항공대학교)",경기도 고양시 덕양구 현천동 247-3,경기도,고양시,126.86487857325409,37.597551568056076,2026-08-01T20:12:16.527Z
0000195,한남대학교,본교,대학교,사립,"대전광역시 대덕구 한남로 70 (오정동, 한남대학교)",대전광역시 대덕구 오정동 133,대전광역시,대덕구,127.42362043036286,36.353760312602276,2026-08-01T20:12:16.527Z
0000196,한동대학교,본교,대학교,사립,"경상북도 포항시 북구 흥해읍 한동로 558 (남송리, 한동대학교)",경상북도 포항시 북구 흥해읍 남송리 3,경상북도,포항시,129.39145654941086,36.10436583418359,2026-08-01T20:12:16.527Z
0000197,한라대학교,본교,대학교,사립,강원특별자치도 원주시 흥업면 한라대길 28,강원특별자치도 원주시 흥업면 흥업리 980,강원특별자치도,원주시,127.910975719525,37.30200342945968,2026-08-01T20:12:16.527Z
0000198,한림대학교,본교,대학교,사립,강원특별자치도 춘천시 한림대학길 1 (옥천동),강원특별자치도 춘천시 후평동 671,강원특별자치도,춘천시,127.74083851563216,37.887574603363454,2026-08-01T20:12:16.527Z
0000553,한림성심대학교,본교,전문대학,사립,강원특별자치도 춘천시 동면 장학길 48,강원특별자치도 춘천시 동면 장학리 산 37-17,강원특별자치도,춘천시,127.75643538542184,37.89943516254935,2026-08-01T20:12:16.527Z
0000199,한서대학교,본교,대학교,사립,"충청남도 서산시 해미면 한서1로 46 (대곡리, 한서대학교)",충청남도 서산시 해미면 대곡리 337,충청남도,서산시,126.58620822302022,36.691561097845046,2026-08-01T20:12:16.527Z
0000200,한성대학교,본교,대학교,사립,"서울특별시 성북구 삼선교로16길 116 (삼선동2가, 한성대학교)",서울특별시 성북구 삼선동2가 389,서울특별시,성북구,127.00955740519694,37.58302810469169,2026-08-01T20:12:16.527Z
0000201,한세대학교,본교,대학교,사립,경기도 군포시 한세로 30 (당정동),경기도 군포시 당정동 964-3,경기도,군포시,126.95295210694965,37.34538987329651,2026-08-01T20:12:16.527Z
0000202,한신대학교,본교,대학교,사립,"경기도 오산시 한신대길 137 (양산동, 한신대학교)",경기도 오산시 양산동 469-2,경기도,오산시,127.01893995039667,37.19529191893011,2026-08-01T20:12:16.527Z
0000203,한양대학교,본교,대학교,사립,"서울특별시 성동구 왕십리로 222 (사근동, 한양대학교)",서울특별시 성동구 사근동 110,서울특별시,성동구,127.04469998943848,37.55839107944937,2026-08-01T20:12:16.527Z
0000204,한양대학교(ERICA),분교,대학교,사립,"경기도 안산시 상록구 한양대학로 55 (사동, 한양대학교)",경기도 안산시 상록구 사동 1271,경기도,안산시,126.83326769771159,37.30045010797498,2026-08-01T20:12:16.527Z
0000554,한양여자대학교,본교,전문대학,사립,"서울특별시 성동구 살곶이길 200 (사근동, 한양여자대학)",서울특별시 성동구 사근동 110,서울특별시,성동구,127.0499952545277,37.55913764590071,2026-08-01T20:12:16.527Z
0000555,한영대학교,본교,전문대학,사립,"전남광주통합특별시 여수시 장군산길 18-43 (여서동, 한영대학)",전남광주통합특별시 여수시 여서동 61,전남광주통합특별시,여수시,127.71488749135193,34.75371367497907,2026-08-01T20:12:16.527Z
0000206,한일장신대학교,본교,대학교,사립,전북특별자치도 완주군 상관면 왜목로 726-15,전북특별자치도 완주군 상관면 신리 694-1,전북특별자치도,완주군,127.20629177885621,35.762630588124765,2026-08-01T20:12:16.527Z
0000207,협성대학교,본교,대학교,사립,"경기도 화성시 봉담읍 최루백로 72 (상리, 협성대학교)",경기도 화성시 효행구 봉담읍 상리 14-1,경기도,화성시,126.9526971366229,37.21246331033452,2026-08-01T20:12:16.527Z
0000556,혜전대학교,본교,전문대학,사립,충청남도 홍성군 홍성읍 대학1길 19,충청남도 홍성군 홍성읍 남장리 392-1,충청남도,홍성군,126.65916996345385,36.579785957367434,2026-08-01T20:12:16.527Z
0000208,호남대학교,본교,대학교,사립,"전남광주통합특별시 광산구 호남대길 120 (서봉동, 호남대학본부)",전남광주통합특별시 광산구 서봉동 61-1,전남광주통합특별시,광산구,126.76507024556713,35.14997796045883,2026-08-01T20:12:16.527Z
0000209,호남신학대학교,본교,대학교,사립,"전남광주통합특별시 남구 제중로 77 (양림동, 호남신학대학교)",전남광주통합특별시 남구 양림동 226-5,전남광주통합특별시,남구,126.91212415237979,35.139750736851994,2026-08-01T20:12:16.527Z
0000415,호산대학교,본교,전문대학,사립,"경상북도 경산시 하양읍 대경로105길 19 (부호리, 호산대학교)",경상북도 경산시 하양읍 부호리 224-1,경상북도,경산시,128.79839382953827,35.902311565010635,2026-08-01T20:12:16.527Z
0000211,호서대학교,본교,대학교,사립,"충청남도 아산시 배방읍 호서로79번길 20 (세출리, 호서대학교)",충청남도 아산시 배방읍 세출리 165,충청남도,아산시,127.07363781163404,36.73557742783294,2026-08-01T20:12:16.527Z
0000212,홍익대학교,본교,대학교,사립,"서울특별시 마포구 와우산로 94 (상수동, 홍익대학교)",서울특별시 마포구 상수동 72-1,서울특별시,마포구,126.92499020940261,37.54921750934139,2026-08-01T20:12:16.527Z
0002949,홍익대학교,제2캠퍼스,대학교,사립,"세종특별자치시 조치원읍 세종로 2639 (신안리, 홍익대학교세종캠퍼스)",세종특별자치시  조치원읍 신안리 300,,,127.28368953877165,36.62177273730191,2026-08-01T20:12:16.527Z
0000233,화성의과학대학교,본교,대학교,사립,경기도 화성시 남양읍 남양중앙로 400-5,경기도 화성시 만세구 남양읍 남양리 1483-1,경기도,화성시,126.84060685117139,37.20267024941688,2026-08-01T20:12:16.527Z
