school_code_std,school_name,main_branch,school_type,region,establishment,related_law,corp_name,school_status,school_name_en,road_address,lot_address,zip_code,founded_date,homepage,uploaded_at
0000001,국립강릉원주대학교,본교,대학교,강원,국립,고등교육법,해당없음,폐교,Gangneung Wonju National University,강원특별자치도 강릉시 죽헌길 7 (지변동),강원특별자치도 강릉시 지변동 123,25457,1979-03-01,www.gwnu.ac.kr,2026-08-01T19:45:45.673Z
0000002,국립강릉원주대학교,제2캠퍼스,대학교,강원,국립,고등교육법,해당없음,폐교,Gangneung Wonju National University,강원특별자치도 원주시 흥업면 남원로 150,강원특별자치도 원주시 흥업면 흥업리 7,26403,2007-03-01,www.gwnu.ac.kr,2026-08-01T19:45:45.673Z
0000003,강원대학교,본교,대학교,강원,국립,고등교육법,해당없음,기존,Kangwon National University,강원특별자치도 춘천시 강원대학길 1 (효자동),강원특별자치도 춘천시 효자동 210-1,24341,1970-03-01,www.kangwon.ac.kr/,2026-08-01T19:45:45.673Z
0000004,강원대학교,제2캠퍼스,대학교,강원,국립,고등교육법,해당없음,기존,Kangwon National University,강원특별자치도 삼척시 중앙로 346 (교동),강원특별자치도 삼척시 교동 777,25913,2006-03-01,www.kangwon.ac.kr/,2026-08-01T19:45:45.673Z
0000005,경북대학교,본교,대학교,대구,국립,고등교육법,해당없음,기존,Kyungpook National University,"대구광역시 북구 대학로 80 (산격동, 경북대학교)",대구광역시 북구 대현동 25,41566,1946-05-28,www.knu.ac.kr,2026-08-01T19:45:45.673Z
0000007,경상국립대학교,본교,대학교,경남,국립,고등교육법,해당없음,기존,Gyeongsang National University,경상남도 진주시 진주대로 501 (가좌동),경상남도 진주시 가좌동 879,52828,1910-04-30,www.gnu.ac.kr,2026-08-01T19:45:45.673Z
0000008,국립공주대학교,본교,대학교,충남,국립,고등교육법,해당없음,기존,Kongju National University,"충청남도 공주시 공주대학로 56 (신관동, 공주대학교)",충청남도 공주시 신관동 182,32588,1948-07-31,www.kongju.ac.kr,2026-08-01T19:45:45.673Z
0000009,국립군산대학교,본교,대학교,전북,국립,고등교육법,해당없음,기존,Kunsan National University,"전라북도 군산시 대학로 558 (미룡동, 군산대학교)",전북특별자치도 군산시 미룡동 290-2,54150,1979-01-18,www.kunsan.ac.kr,2026-08-01T19:45:45.673Z
0000010,국립금오공과대학교,본교,대학교,경북,국립,고등교육법,해당없음,기존,Kumoh National Institute Of Technology,"경상북도 구미시 대학로 61 (양호동, 금오공과대학교)",경상북도 구미시 거의동 468,39177,1980-03-01,www.kumoh.ac.kr,2026-08-01T19:45:45.673Z
0000011,국립목포대학교,본교,대학교,전남광주,국립,고등교육법,해당없음,기존,Mokpo National University,"전남광주통합특별시 무안군 청계면 영산로 1666 (도림리, 목포대학교)",전남광주통합특별시 무안군 청계면 도림리 357-1,58554,1946-10-31,www.mokpo.ac.kr,2026-08-01T19:45:45.673Z
0000012,국립목포해양대학교,본교,대학교,전남광주,국립,고등교육법,해당없음,기존,Mokpo National Maritime University,"전남광주통합특별시 목포시 해양대학로 91 (죽교동, 목포해양대학교)",전남광주통합특별시 목포시 죽교동 571,58628,1993-03-01,www.mmu.ac.kr,2026-08-01T19:45:45.673Z
0000013,국립부경대학교,본교,대학교,부산,국립,고등교육법,해당없음,기존,Pukyong National University,"부산광역시 남구 용소로 45 (대연동, 부경대학교대연캠퍼스)",부산광역시 남구 대연동 599-1,48513,1996-07-06,www.pknu.ac.kr,2026-08-01T19:45:45.673Z
0000014,부산대학교,본교,대학교,부산,국립,고등교육법,해당없음,기존,Pusan National University,"부산광역시 금정구 부산대학로63번길 2 (장전동, 부산대학교)",부산광역시 금정구 장전동 40,46241,1946-05-15,www.pusan.ac.kr,2026-08-01T19:45:45.673Z
0000019,서울대학교,본교,대학교,서울,국립대법인,특별법국립,서울대학교 법인,기존,Seoul National University,"서울특별시 관악구 관악로 1 (신림동, 서울대학교)",서울특별시 관악구 봉천동 244-2,08826,1946-08-22,www.snu.ac.kr,2026-08-01T19:45:45.673Z
0000020,국립순천대학교,본교,대학교,전남광주,국립,고등교육법,해당없음,기존,Sunchon National University,전남광주통합특별시 순천시 중앙로 255 (석현동),전남광주통합특별시 순천시 석현동 313,57922,1982-03-10,www.scnu.ac.kr/SCNU/main.do,2026-08-01T19:45:45.673Z
0000021,국립경국대학교,본교,대학교,경북,국립,고등교육법,해당없음,기존,Gyeongguk National University,"경상북도 안동시 경동로 1375 (송천동, 안동대학교)",경상북도 안동시 송천동 388,36729,1979-03-12,www.andong.ac.kr/main/index.do,2026-08-01T19:45:45.673Z
0000023,전남대학교,본교,대학교,전남광주,국립,고등교육법,해당없음,기존,Chonnam National University,전남광주통합특별시 북구 용봉로 77 (용봉동),전남광주통합특별시 북구 용봉동 300,61186,1951-10-06,www.chonnam.ac.kr,2026-08-01T19:45:45.673Z
0000024,전남대학교,제2캠퍼스,대학교,전남광주,국립,고등교육법,해당없음,기존,Chonnam National University,"전남광주통합특별시 여수시 대학로 50 (둔덕동, 전남대학교여수캠퍼스)",전남광주통합특별시 여수시 둔덕동 산 96-1,59626,2006-03-01,www.chonnam.ac.kr,2026-08-01T19:45:45.673Z
0000025,전북대학교,본교,대학교,전북,국립,고등교육법,해당없음,기존,Jeonbuk National University,"전라북도 전주시 덕진구 백제대로 567 (금암동, 전북대학교)",전북특별자치도 전주시 덕진구 덕진동1가 664-14,54896,1951-10-06,www.jbnu.ac.kr,2026-08-01T19:45:45.673Z
0000027,제주대학교,본교,대학교,제주,국립,고등교육법,해당없음,기존,Jeju National University,"제주특별자치도 제주시 제주대학로 102 (아라일동, 제주대학교)",제주특별자치도 제주시 아라일동 1,63243,1952-05-27,www.jejunu.ac.kr,2026-08-01T19:45:45.673Z
0000028,국립창원대학교,본교,대학교,경남,국립,고등교육법,해당없음,기존,Changwon National University,"경상남도 창원시 의창구 창원대학로 20 (사림동, 창원대학교)",경상남도 창원시 의창구 퇴촌동 256,51140,1969-03-21,www.changwon.ac.kr,2026-08-01T19:45:45.673Z
0000029,충남대학교,본교,대학교,대전,국립,고등교육법,해당없음,기존,Chungnam National University,"대전광역시 유성구 대학로 99 (궁동, 충남대학교)",대전광역시 유성구 궁동 220,34134,1952-05-25,www.cnu.ac.kr,2026-08-01T19:45:45.673Z
0000030,충북대학교,본교,대학교,충북,국립,고등교육법,해당없음,기존,Chungbuk National University,"충청북도 청주시 서원구 충대로 1 (개신동, 충북대학교)",충청북도 청주시 서원구 개신동 12,28644,1951-09-27,www.chungbuk.ac.kr,2026-08-01T19:45:45.673Z
0000031,한국교원대학교,본교,대학교,충북,국립,고등교육법,해당없음,기존,Korea National University Of Education,"충청북도 청주시 흥덕구 강내면 태성탑연로 250 (다락리, 한국교원대학교)",충청북도 청주시 흥덕구 강내면 월탄리 6,28173,1984-03-15,www.knue.ac.kr,2026-08-01T19:45:45.673Z
0000032,한국체육대학교,본교,대학교,서울,국립,고등교육법,해당없음,기존,Korea National Sport University,"서울특별시 송파구 양재대로 1239 (방이동, 한국체육대학교)",서울특별시 송파구 방이동 88-15,05541,1976-12-30,www.knsu.ac.kr/,2026-08-01T19:45:45.673Z
0000033,국립한국해양대학교,본교,대학교,부산,국립,고등교육법,해당없음,기존,Korea Maritime & Ocean University,"부산광역시 영도구 태종로 727 (동삼동, 한국해양대학교)",부산광역시 영도구 동삼동 1,49112,1945-11-05,www.kmou.ac.kr,2026-08-01T19:45:45.673Z
0000034,국립한국교통대학교,본교,대학교,충북,국립,고등교육법,해당없음,기존,Korea National University Of Transportation,"충청북도 충주시 대소원면 대학로 50 (검단리, 한국교통대학교)",충청북도 충주시 대소원면 검단리 123,27469,1914-04-01,www.ut.ac.kr,2026-08-01T19:45:45.673Z
0000035,경남과학기술대학교,본교,대학교,경남,국립,고등교육법,해당없음,폐교,Gyeongnam National University Of Science And Technology,"경상남도 진주시 동진로 33 (칠암동, 경남과학기술대학교)",경상남도 진주시 칠암동 150-1,52725,1910-04-30,www.gntech.ac.kr,2026-08-01T19:45:45.673Z
0000036,서울과학기술대학교,본교,대학교,서울,국립,고등교육법,해당없음,기존,Seoul National University Of Science And Technology,"서울특별시 노원구 공릉로 232 (공릉동, 서울과학기술대학교)",서울특별시 노원구 공릉동 172,01811,2012-03-01,www.seoultech.ac.kr,2026-08-01T19:45:45.673Z
0000037,한경국립대학교,본교,대학교,경기,국립,고등교육법,해당없음,기존,Hankyong National University,"경기도 안성시 중앙로 327 (석정동, 한경대학교)",경기도 안성시 석정동 336,17579,1939-04-15,www.hknu.ac.kr,2026-08-01T19:45:45.673Z
0000039,국립한밭대학교,본교,대학교,대전,국립,고등교육법,해당없음,기존,Hanbat National University,"대전광역시 유성구 동서대로 125 (덕명동, 한밭대학교)",대전광역시 유성구 덕명동 16-1,34158,2012-03-01,www.hanbat.ac.kr,2026-08-01T19:45:45.673Z
0000040,서울시립대학교,본교,대학교,서울,공립,고등교육법,해당없음,기존,University Of Seoul,"서울특별시 동대문구 서울시립대로 163 (전농동, 서울시립대학교)",서울특별시 동대문구 전농동 694,02504,1918-05-01,www.uos.ac.kr,2026-08-01T19:45:45.673Z
0000046,가톨릭대학교,본교,대학교,경기,사립,고등교육법,가톨릭학원,기존,The Catholic University Of Korea,"경기도 부천시 원미구 지봉로 43 (역곡동, 가톨릭대학교성심교정)",경기도 부천시 원미구 소사동 산 3-1,14662,1995-03-01,www.catholic.ac.kr,2026-08-01T19:45:45.673Z
0000048,가톨릭대학교,제2캠퍼스,대학교,서울,사립,고등교육법,가톨릭학원,기존,The Catholic University Of Korea,"서울특별시 서초구 반포대로 222 (반포동, 가톨릭대학교성의교정)",서울특별시 서초구 반포동 산 38-2,06591,1995-03-01,www.catholic.ac.kr,2026-08-01T19:45:45.673Z
0000049,가톨릭대학교,제3캠퍼스,대학교,서울,사립,고등교육법,가톨릭학원,기존,The Catholic University Of Korea,"서울특별시 종로구 창경궁로 296-12 (혜화동, 가톨릭대학교성신교정)",서울특별시 종로구 혜화동 산 1-2,03083,1995-03-01,www.catholic.ac.kr,2026-08-01T19:45:45.673Z
0000050,감리교신학대학교,본교,대학교,서울,사립,고등교육법,감리교신학원,기존,Methodist Theological University,"서울특별시 서대문구 독립문로 56 (냉천동, 감리교신학대학)",서울특별시 서대문구 냉천동 31,03745,1887-09-29,www.mtu.ac.kr,2026-08-01T19:45:45.673Z
0000051,강남대학교,본교,대학교,경기,사립,고등교육법,강남학원,기존,Kangnam University,"경기도 용인시 기흥구 강남로 40 (구갈동, 강남대학교)",경기도 용인시 기흥구 구갈동 111,16979,1948-08-12,www.kangnam.ac.kr,2026-08-01T19:45:45.673Z
0000052,건국대학교,본교,대학교,서울,사립,고등교육법,건국대학교,기존,Konkuk University,"서울특별시 광진구 능동로 120 (화양동, 건국대학교)",서울특별시 광진구 화양동 393-1,05029,1931-05-15,www.konkuk.ac.kr,2026-08-01T19:45:45.673Z
0000053,건국대학교(글로컬),분교,대학교,충북,사립,고등교육법,건국대학교,기존,Konkuk University,"충청북도 충주시 충원대로 268 (단월동, 건국대학교 글로컬캠퍼스)",충청북도 충주시 단월동 322,27478,1980-01-05,www.kku.ac.kr,2026-08-01T19:45:45.673Z
0000054,건양대학교,본교,대학교,충남,사립,고등교육법,학교법인 건양교육재단,기존,Konyang University,"충청남도 논산시 대학로 121 (내동, 건양대학교)",충청남도 논산시 은진면 와야리 121,32992,1990-11-28,www.konyang.ac.kr,2026-08-01T19:45:45.673Z
0000055,건양대학교,제2캠퍼스,대학교,대전,사립,고등교육법,학교법인 건양교육재단,기존,Konyang University,"대전광역시 서구 관저동로 158 (관저동, 건양대학교병원)",대전광역시 서구 관저동 1643,35365,1990-11-28,www.konyang.ac.kr,2026-08-01T19:45:45.673Z
0000056,경기대학교,본교,대학교,경기,사립,고등교육법,경기학원,기존,Kyonggi University,"경기도 수원시 영통구 광교산로 154-42 (이의동, 경기대학교)",경기도 수원시 영통구 이의동 산 96-2,16227,1947-11-08,www.kyonggi.ac.kr,2026-08-01T19:45:45.673Z
0000058,경기대학교,제2캠퍼스,대학교,서울,사립,고등교육법,경기학원,기존,Kyonggi University,"서울특별시 서대문구 경기대로9길 24 (충정로2가, 경기대학교)",서울특별시 서대문구 충정로2가 68-9,03746,1947-11-08,www.kyonggi.ac.kr,2026-08-01T19:45:45.673Z
0000059,경남대학교,본교,대학교,경남,사립,고등교육법,한마학원,기존,Kyungnam University,"경상남도 창원시 마산합포구 경남대학로 7 (월영동, 경남대학교)",경상남도 창원시 마산합포구 월영동 355-1,51767,1946-12-27,www.kyungnam.ac.kr,2026-08-01T19:45:45.673Z
0000060,경동대학교,본교,대학교,강원,사립,고등교육법,경동대학교,기존,Kyungdong University,강원특별자치도 고성군 토성면 봉포4길 46,강원특별자치도 고성군 토성면 봉포리 306-4,24764,1997-03-01,www.kduniv.ac.kr,2026-08-01T19:45:45.673Z
0000061,대구한의대학교,본교,대학교,경북,사립,고등교육법,제한학원,기존,Daegu Haany University,경상북도 경산시 한의대로 1(유곡동),경상북도 경산시 유곡동 290-1,38610,1980-12-29,www.dhu.ac.kr,2026-08-01T19:45:45.673Z
0000062,경성대학교,본교,대학교,부산,사립,고등교육법,한성(韓星)학원,기존,Kyungsung University,"부산광역시 남구 수영로 309 (대연동, 경성대학교)",부산광역시 남구 대연동 314-81,48434,1963-01-28,ks.ac.kr,2026-08-01T19:45:45.673Z
0000063,가천대학교,본교,대학교,경기,사립,고등교육법,가천학원,기존,Gachon University,"경기도 성남시 수정구 성남대로 1342 (복정동, 가천대학교)",경기도 성남시 수정구 복정동 620-4,13120,2012-03-01,www.gachon.ac.kr,2026-08-01T19:45:45.673Z
0000064,경일대학교,본교,대학교,경북,사립,고등교육법,일청학원,기존,Kyungil University,"경상북도 경산시 하양읍 가마실길 50 (부호리, 경일대학교)",경상북도 경산시 하양읍 부호리 33,38428,1996-12-11,www.kiu.ac.kr,2026-08-01T19:45:45.673Z
0000065,신경주대학교,본교,대학교,경북,사립,고등교육법,원석학원,기존,SinGyeongju University,"경상북도 경주시 태종로 188 (효현동, 경주대학교)",경상북도 경주시 효현동 670,38065,1987-12-12,sgu.ac.kr/ko/main.php,2026-08-01T19:45:45.673Z
0000066,경희대학교,본교,대학교,서울,사립,고등교육법,경희학원,기존,Kyung Hee University,"서울특별시 동대문구 경희대로 26 (회기동, 경희대학교)",서울특별시 동대문구 회기동 1-5,02447,1951-05-18,www.khu.ac.kr,2026-08-01T19:45:45.673Z
0000068,계명대학교,본교,대학교,대구,사립,고등교육법,계명대학교,기존,Keimyung University,"대구광역시 달서구 달구벌대로 1095 (신당동, 계명대학교성서캠퍼스)",대구광역시 달서구 호산동 산 1,42601,1954-05-20,www.kmu.ac.kr,2026-08-01T19:45:45.673Z
0000069,고려대학교,본교,대학교,서울,사립,고등교육법,고려중앙학원,기존,Korea University,"서울특별시 성북구 안암로 145 (안암동5가, 고려대학교안암캠퍼스(인문사회계))",서울특별시 성북구 안암동5가 163-10,02841,1905-05-05,www.korea.ac.kr,2026-08-01T19:45:45.673Z
0000070,고려대학교(세종),분교,대학교,세종,사립,고등교육법,고려중앙학원,기존,Korea University Sejong Campus,"세종특별자치시 조치원읍 세종로 2511 (서창리, 고려대학교세종캠퍼스)",세종특별자치시  조치원읍 서창리 208,30019,1980-03-02,sejong.korea.ac.kr,2026-08-01T19:45:45.673Z
0000071,고신대학교,본교,대학교,부산,사립,고등교육법,대한예수교장로회총회고려학원,기존,Kosin University,"부산광역시 영도구 와치로 194 (동삼동, 고신대학교)",부산광역시 영도구 동삼동 516-43,49104,1946-09-20,www.kosin.ac.kr,2026-08-01T19:45:45.673Z
0000072,가톨릭관동대학교,본교,대학교,강원,사립,고등교육법,인천가톨릭학원,기존,Catholic Kwandong University,강원특별자치도 강릉시 범일로579번길 24 (내곡동),강원특별자치도 강릉시 내곡동 522,25601,1955-04-26,www.cku.ac.kr,2026-08-01T19:45:45.673Z
0000073,광신대학교,본교,대학교,전남광주,사립,고등교육법,광신학원,기존,Kwangshin University,"전남광주통합특별시 북구 양산택지소로 36 (본촌동, 광신대학교)",전남광주통합특별시 북구 본촌동 132-1,61027,1996-12-11,www.kwangshin.ac.kr,2026-08-01T19:45:45.673Z
0000074,광운대학교,본교,대학교,서울,사립,고등교육법,광운학원,기존,Kwangwoon University,"서울특별시 노원구 광운로 20 (월계동, 광운대학교)",서울특별시 노원구 월계동 447-1,01897,1934-05-20,www.kw.ac.kr,2026-08-01T19:45:45.673Z
0000075,광주가톨릭대학교,본교,대학교,전남광주,사립,고등교육법,대건학당,기존,Gwangju Catholic University,"전남광주통합특별시 나주시 남평읍 중남길 12-25 (남석리, 광주가톨릭대학교)",전남광주통합특별시 나주시 남평읍 남석리 산 69-1,58230,1965-01-13,www.gjc.ac.kr,2026-08-01T19:45:45.673Z
0000076,광주여자대학교,본교,대학교,전남광주,사립,고등교육법,송강학원,기존,Kwangju Women'S University,전남광주통합특별시 광산구 광주여대길 40 (산정동),전남광주통합특별시 광산구 산정동 산 105-1,62396,1997-03-03,www.kwu.ac.kr,2026-08-01T19:45:45.673Z
0000078,국민대학교,본교,대학교,서울,사립,고등교육법,국민학원,기존,Kookmin University,"서울특별시 성북구 정릉로 77 (정릉동, 국민대학교)",서울특별시 성북구 정릉동 853-12,02707,1946-09-01,www.kookmin.ac.kr,2026-08-01T19:45:45.673Z
0000079,강서대학교,본교,대학교,서울,사립,고등교육법,한국그리스도의교회학원,기존,GANGSEO UNIVERSITY,서울특별시 강서구 까치산로24길 47 (화곡동),서울특별시 강서구 화곡동 953-1,07661,1958-04-19,gangseo.ac.kr,2026-08-01T19:45:45.673Z
0000080,극동대학교,본교,대학교,충북,사립,고등교육법,일현학원,기존,Far East University,"충청북도 음성군 감곡면 대학길 76-32 (왕장리, 극동대학교)",충청북도 음성군 감곡면 왕장리 85-5,27601,1997-12-05,www.kdu.ac.kr,2026-08-01T19:45:45.673Z
0000081,나사렛대학교,본교,대학교,충남,사립,고등교육법,나사렛학원,기존,Korea Nazarene University,"충청남도 천안시 서북구 월봉로 48 (쌍용동, 나사렛대학교)",충청남도 천안시 서북구 쌍용동 456,31172,1954-09-14,www.kornu.ac.kr,2026-08-01T19:45:45.673Z
0000082,단국대학교,본교,대학교,경기,사립,고등교육법,단국대학,기존,Dankook University,"경기도 용인시 수지구 죽전로 152 (죽전동, 단국대학교)",경기도 용인시 기흥구 마북동 655,16890,1947-11-03,www.dankook.ac.kr,2026-08-01T19:45:45.673Z
0000084,대구대학교,본교,대학교,경북,사립,고등교육법,영광학원,기존,Daegu University,"경상북도 경산시 진량읍 대구대로 201 (내리리, 대구대학교경산캠퍼스)",경상북도 경산시 진량읍 내리리 15,38453,1956-05-01,www.daegu.ac.kr,2026-08-01T19:45:45.673Z
0000087,대구예술대학교,본교,대학교,경북,사립,고등교육법,세기학원,기존,Daegu Arts University,"경상북도 칠곡군 가산면 다부거문1길 202 (다부리, 대구예술대학교)",경상북도 칠곡군 가산면 다부리 861,39851,1996-12-11,www.dgau.ac.kr,2026-08-01T19:45:45.673Z
0000088,대구가톨릭대학교,본교,대학교,경북,사립,고등교육법,선목학원,기존,Daegu Catholic University,"경상북도 경산시 하양읍 하양로 13-13 (금락리, 대구가톨릭대학교)",경상북도 경산시 하양읍 금락리 308-5,38430,1914-10-01,www.cu.ac.kr,2026-08-01T19:45:45.673Z
0000092,세한대학교,본교,대학교,전남광주,사립,고등교육법,영신학원,기존,Sehan University,"전남광주통합특별시 영암군 삼호읍 녹색로 1113 (산호리, 세한대학교)",전남광주통합특별시 영암군 삼호읍 산호리 105-5,58447,1994-03-10,www.sehan.ac.kr,2026-08-01T19:45:45.673Z
0000093,대신대학교,본교,대학교,경북,사립,고등교육법,학교법인 대신대학교,기존,Daeshin University,"경상북도 경산시 경청로222길 33 (백천동, 대신대학교)",경상북도 경산시 백천동 137,38649,1996-12-11,www.daeshin.ac.kr,2026-08-01T19:45:45.673Z
0000094,대전가톨릭대학교,본교,대학교,세종,사립,고등교육법,천주교대전교구대지학원,기존,Daejeoncatholicuniversity,"세종특별자치시 전의면 가톨릭대학로 30 (신방리, 대전가톨릭대학교)",세종특별자치시  전의면 신방리 325,30006,1993-03-01,www.dcatholic.ac.kr,2026-08-01T19:45:45.673Z
0000095,대전대학교,본교,대학교,대전,사립,고등교육법,혜화학원,기존,Daejeon University,"대전광역시 동구 대학로 62 (용운동, 대전대학교)",대전광역시 동구 용운동 96-3,34520,1980-12-29,www.dju.ac.kr,2026-08-01T19:45:45.673Z
0000097,대진대학교,본교,대학교,경기,사립,고등교육법,대진대학교,기존,Daejin University,"경기도 포천시 호국로 1007 (선단동, 대진대학교)",경기도 포천시 선단동 산 11-1,11159,1991-11-15,www.daejin.ac.kr,2026-08-01T19:45:45.673Z
0000098,서울기독대학교,본교,대학교,서울,사립,고등교육법,환원학원,기존,Seoul Christian University,"서울특별시 은평구 갈현로4길 26-2 (신사동, 서울기독대학교)",서울특별시 은평구 신사동 1-19,03422,1997-12-05,www.scu.ac.kr,2026-08-01T19:45:45.673Z
0000099,덕성여자대학교,본교,대학교,서울,사립,고등교육법,덕성학원,기존,Duksung Women's University,"서울특별시 도봉구 삼양로144길 33 (쌍문동, 덕성여자대학교)",서울특별시 도봉구 쌍문동 419,01369,1950-05-17,www.duksung.ac.kr,2026-08-01T19:45:45.673Z
0000100,동국대학교,본교,대학교,서울,사립,고등교육법,동국대학교,기존,Dongguk University,"서울특별시 중구 필동로1길 30 (장충동2가, 동국대학교)",서울특별시 중구 장충동2가 192-5,04620,1946-09-20,www.dongguk.edu,2026-08-01T19:45:45.673Z
0000101,동국대학교(WISE),분교,대학교,경북,사립,고등교육법,동국대학교,기존,Dongguk University,경상북도 경주시 동대로 123(석장동),경상북도 경주시 석장동 707,38066,1978-10-12,wise.dongguk.ac.kr,2026-08-01T19:45:45.673Z
0000102,동덕여자대학교,본교,대학교,서울,사립,고등교육법,동덕학원,기존,Dongduk Women's University,"서울특별시 성북구 화랑로13길 60 (하월곡동, 동덕여자대학교)",서울특별시 성북구 하월곡동 73-96,02748,1950-05-27,www.dongduk.ac.kr,2026-08-01T19:45:45.673Z
0000103,동서대학교,본교,대학교,부산,사립,고등교육법,동서학원,기존,Dongseo University,"부산광역시 사상구 주례로 47 (주례동, 동서대학교)",부산광역시 사상구 주례동 85-1,47011,1992-03-02,www.dongseo.ac.kr,2026-08-01T19:45:45.673Z
0000104,동신대학교,본교,대학교,전남광주,사립,고등교육법,해인학원,기존,Dongshinuniversity,전남광주통합특별시 나주시 동신대길 67 (대호동),전남광주통합특별시 나주시 대호동 252,58245,1986-12-31,www.dsu.ac.kr,2026-08-01T19:45:45.673Z
0000105,동아대학교,본교,대학교,부산,사립,고등교육법,동아학숙,기존,Dong-A University,"부산광역시 사하구 낙동대로550번길 37 (하단동, 동아대학교)",부산광역시 사하구 하단동 산 3-1,49315,1946-11-01,www.donga.ac.kr,2026-08-01T19:45:45.673Z
0000106,동양대학교,본교,대학교,경북,사립,고등교육법,현암학원,기존,Dongyang University,"경상북도 영주시 풍기읍 동양대로 145 (산법리, 동양대학교)",경상북도 영주시 풍기읍 산법리 583-10,36040,1994-03-01,www.dyu.ac.kr,2026-08-01T19:45:45.673Z
0000107,동의대학교,본교,대학교,부산,사립,고등교육법,동의학원,기존,Dong-Eui University,"부산광역시 부산진구 엄광로 176 (가야동, 동의대학교)",부산광역시 부산진구 가야동 464-121,47340,1979-01-10,www.deu.ac.kr,2026-08-01T19:45:45.673Z
0000108,루터대학교,본교,대학교,경기,사립,고등교육법,루터교학원,기존,Luther University,"경기도 용인시 기흥구 금화로82번길 20 (상갈동, 루터대학교)",경기도 용인시 기흥구 상갈동 17,17072,1997-12-05,www.ltu.ac.kr,2026-08-01T19:45:45.673Z
0000109,명지대학교,본교,대학교,경기,사립,고등교육법,명지학원,기존,Myongji University Natural Science Campus,"경기도 용인시 처인구 명지로 116 (남동, 명지대학교용인캠퍼스)",경기도 용인시 처인구 남동 555,17058,1948-09-07,www.mju.ac.kr,2026-08-01T19:45:45.673Z
0000111,명지대학교,제2캠퍼스,대학교,서울,사립,고등교육법,명지학원,기존,Myongji University Social Science Campus,"서울특별시 서대문구 거북골로 34 (남가좌동, 명지대학교)",서울특별시 서대문구 남가좌동 50-3,03674,1948-09-07,www.mju.ac.kr,2026-08-01T19:45:45.673Z
0000112,목원대학교,본교,대학교,대전,사립,고등교육법,감리교학원,기존,Mokwon University,"대전광역시 서구 도안북로 88 (도안동, 목원대학교)",대전광역시 서구 도안동 800,35349,1965-01-13,www.mokwon.ac.kr,2026-08-01T19:45:45.673Z
0000113,배재대학교,본교,대학교,대전,사립,고등교육법,배재학당,기존,Pai Chai University,"대전광역시 서구 배재로 155-40 (도마동, 배재대학교)",대전광역시 서구 도마동 439-6,35345,1980-12-29,www.pcu.ac.kr,2026-08-01T19:45:45.673Z
0000114,부산가톨릭대학교,본교,대학교,부산,사립,고등교육법,성모학원,기존,Catholic University Of Pusan,"부산광역시 금정구 오륜대로 57 (부곡동, 부산가톨릭대학교)",부산광역시 금정구 부곡동 9,46252,1990-12-24,www.cup.ac.kr,2026-08-01T19:45:45.673Z
0000115,부산외국어대학교,본교,대학교,부산,사립,고등교육법,성지학원,기존,Busan University Of Foreign Studies,"부산광역시 금정구 금샘로485번길 65 (남산동, 부산외국어대학교)",부산광역시 금정구 남산동 857-1,46234,1982-03-12,www.bufs.ac.kr,2026-08-01T19:45:45.673Z
0000116,삼육대학교,본교,대학교,서울,사립,고등교육법,삼육학원,기존,Sahmyook University,"서울특별시 노원구 화랑로 815 (공릉동, 삼육대학교)",서울특별시 노원구 공릉동 26-38,01795,1962-02-27,www.syu.ac.kr,2026-08-01T19:45:45.673Z
0000117,상명대학교,본교,대학교,서울,사립,고등교육법,상명학원,기존,Sangmyung University (Seoul),"서울특별시 종로구 홍지문2길 20 (홍지동, 상명대학교)",서울특별시 종로구 홍지동 7-1,03016,1965-01-13,www.smu.ac.kr,2026-08-01T19:45:45.673Z
0000119,상지대학교,본교,대학교,강원,사립,고등교육법,상지학원,기존,Sangji University,강원특별자치도 원주시 상지대길 83 (우산동),강원특별자치도 원주시 우산동 738,26339,1955-06-10,www.sangji.ac.kr,2026-08-01T19:45:45.673Z
0000120,서강대학교,본교,대학교,서울,사립,고등교육법,서강대학교,기존,Sogang University,"서울특별시 마포구 백범로 35 (신수동, 서강대학교)",서울특별시 마포구 대흥동 산 1-30,04107,1960-04-18,www.sogang.ac.kr,2026-08-01T19:45:45.673Z
0000121,서경대학교,본교,대학교,서울,사립,고등교육법,서경대학원,기존,Seokyeong University,"서울특별시 성북구 서경로 124 (정릉동, 서경대학교)",서울특별시 성북구 정릉동 산 16-1,02713,1992-09-01,www.skuniv.ac.kr,2026-08-01T19:45:45.673Z
0000125,서울신학대학교,본교,대학교,경기,사립,고등교육법,서울신학대학교,기존,Seoul Theological University,"경기도 부천시 소사구 호현로489번길 52 (소사본동, 서울신학대학교)",경기도 부천시 소사구 소사본동 101-1,14754,1959-02-26,www.stu.ac.kr,2026-08-01T19:45:45.673Z
0000126,서울여자대학교,본교,대학교,서울,사립,고등교육법,정의학원,기존,Seoul Women's University,"서울특별시 노원구 화랑로 621 (공릉동, 서울여자대학교)",서울특별시 노원구 공릉동 126,01797,1960-12-12,www.swu.ac.kr,2026-08-01T19:45:45.673Z
0000127,서울장신대학교,본교,대학교,경기,사립,고등교육법,광명학원,기존,Seoul Jangsin University,"경기도 광주시 경안로 145 (경안동, 서울장신대학교)",경기도 광주시 경안동 219-2,12749,1984-12-21,www.sjs.ac.kr,2026-08-01T19:45:45.673Z
0000128,서원대학교,본교,대학교,충북,사립,고등교육법,서원학원,기존,Seowon University,"충청북도 청주시 서원구 무심서로 377-3 (모충동, 서원대학교)",충청북도 청주시 서원구 모충동 273,28674,1968-03-09,www.seowon.ac.kr,2026-08-01T19:45:45.673Z
0000129,선문대학교,본교,대학교,충남,사립,고등교육법,선학학원,기존,Sun Moon University,"충청남도 아산시 탕정면 선문로221번길 70 (갈산리, 선문대학교)",충청남도 아산시 탕정면 갈산리 100,31460,1986-03-03,www.sunmoon.ac.kr,2026-08-01T19:45:45.673Z
0000131,성결대학교,본교,대학교,경기,사립,고등교육법,성결신학원,기존,Sungkyul University,"경기도 안양시 만안구 성결대학로 53 (안양동, 성결대학교)",경기도 안양시 만안구 안양동 400-10,14097,1965-01-13,www.sungkyul.ac.kr,2026-08-01T19:45:45.673Z
0000132,성공회대학교,본교,대학교,서울,사립,고등교육법,성공회대학교,기존,Sungkonghoe University,"서울특별시 구로구 연동로 320 (항동, 성공회대학교)",서울특별시 구로구 항동 1-1,08359,1992-12-23,www.skhu.ac.kr,2026-08-01T19:45:45.673Z
0000133,성균관대학교,본교,대학교,서울,사립,고등교육법,성균관대학,기존,Sungkyunkwan University,"서울특별시 종로구 성균관로 25-2 (명륜3가, 성균관대학교)",서울특별시 종로구 명륜3가 53-21,03063,1946-09-25,www.skku.edu,2026-08-01T19:45:45.673Z
0000136,성신여자대학교,본교,대학교,서울,사립,고등교육법,성신학원,기존,Sungshin Women's University,"서울특별시 성북구 보문로34다길 2 (돈암동, 성신여자대학교)",서울특별시 성북구 돈암동 173-1,02844,1965-01-13,www.sungshin.ac.kr,2026-08-01T19:45:45.673Z
0000137,세명대학교,본교,대학교,충북,사립,고등교육법,대원교육재단,기존,Semyung University,"충청북도 제천시 세명로 65 (신월동, 세명대학교)",충청북도 제천시 신월동 522,27136,1990-11-28,www.semyung.ac.kr,2026-08-01T19:45:45.673Z
0000138,세종대학교,본교,대학교,서울,사립,고등교육법,대양학원,기존,Sejong University,"서울특별시 광진구 능동로 209 (군자동, 세종대학교)",서울특별시 광진구 군자동 98,05006,1978-10-07,www.sejong.ac.kr,2026-08-01T19:45:45.673Z
0000139,수원가톨릭대학교,본교,대학교,경기,사립,고등교육법,광암학원,기존,Suwon Catholic University,"경기도 화성시 봉담읍 왕림1길 67 (왕림리, 수원가톨릭대학교)",경기도 화성시 효행구 봉담읍 왕림리 226,18332,1984-03-02,www.suwoncatholic.ac.kr,2026-08-01T19:45:45.673Z
0000140,수원대학교,본교,대학교,경기,사립,고등교육법,고운학원,기존,The University Of Suwon,"경기도 화성시 봉담읍 와우안길 17 (와우리, 수원대학교)",경기도 화성시 효행구 봉담읍 와우리 6,18323,1981-12-26,www.suwon.ac.kr,2026-08-01T19:45:45.673Z
0000141,숙명여자대학교,본교,대학교,서울,사립,고등교육법,숙명학원,기존,Sookmyung Women'S University,"서울특별시 용산구 청파로47길 90 (청파동2가, 숙명여자대학교)",서울특별시 용산구 청파동2가 53,04310,1938-12-21,www.sookmyung.ac.kr/,2026-08-01T19:45:45.673Z
0000142,순천향대학교,본교,대학교,충남,사립,고등교육법,동은학원,기존,Soonchunhyang University,"충청남도 아산시 신창면 순천향로 22 (읍내리, 순천향대학교)",충청남도 아산시 신창면 읍내리 646,31538,1978-03-01,www.sch.ac.kr/,2026-08-01T19:45:45.673Z
0000143,숭실대학교,본교,대학교,서울,사립,고등교육법,숭실대학교,기존,Soongsil University,"서울특별시 동작구 상도로 369 (상도동, 숭실대학교)",서울특별시 동작구 상도동 511,06978,1897-10-10,www.ssu.ac.kr,2026-08-01T19:45:45.673Z
0000144,신라대학교,본교,대학교,부산,사립,고등교육법,박영학원,기존,Silla University,"부산광역시 사상구 백양대로700번길 140 (괘법동, 신라대학교)",부산광역시 사상구 괘법동 산 1-23,46958,1969-12-27,www.silla.ac.kr,2026-08-01T19:45:45.673Z
0000145,아신대학교,본교,대학교,경기,사립,고등교육법,아세아연합신학대학원,기존,ACTS University,경기도 양평군 옥천면 경강로 1276 아신대학교,경기도 양평군 옥천면 아신리 933-17,12508,1981-12-26,www.acts.ac.kr,2026-08-01T19:45:45.673Z
0000146,아주대학교,본교,대학교,경기,사립,고등교육법,대우학원,기존,Ajou University,"경기도 수원시 영통구 월드컵로 206 (원천동, 아주대학교)",경기도 수원시 영통구 원천동 산 5-1,16499,1973-03-15,www.ajou.ac.kr,2026-08-01T19:45:45.673Z
0000147,안양대학교,본교,대학교,경기,사립,고등교육법,우일학원,기존,Anyang University,"경기도 안양시 만안구 삼덕로37번길 22 (안양동, 안양대학교)",경기도 안양시 만안구 안양동 708-113,14028,1948-09-17,www.anyang.ac.kr/main/index.do,2026-08-01T19:45:45.673Z
0000148,안양대학교,제2캠퍼스,대학교,인천,사립,고등교육법,우일학원,기존,Anyang University,"인천광역시 강화군 불은면 중앙로 602-14 (삼성리, 안양대학교강화캠퍼스)",인천광역시 강화군 불은면 삼성리 809-170,23038,1948-09-17,www.anyang.ac.kr/main/index.do,2026-08-01T19:45:45.673Z
0000149,연세대학교,본교,대학교,서울,사립,고등교육법,연세대학교,기존,Yonsei University,"서울특별시 서대문구 연세로 50 (신촌동, 연세대학교)",서울특별시 서대문구 신촌동 134,03722,1957-01-05,www.yonsei.ac.kr,2026-08-01T19:45:45.673Z
0000150,연세대학교(미래),분교,대학교,강원,사립,고등교육법,연세대학교,기존,Yonsei University MIRAE Campus,강원특별자치도 원주시 흥업면 연세대길 1 연세대학교 미래캠퍼스,강원특별자치도 원주시 흥업면 매지리 1496,26493,1977-12-28,mirae.yonsei.ac.kr/wj/index.do,2026-08-01T19:45:45.673Z
0000151,영남대학교,본교,대학교,경북,사립,고등교육법,영남학원,기존,Yeungnam University,"경상북도 경산시 대학로 280 (대동, 영남대학교)",경상북도 경산시 삼풍동 300,38541,1967-12-22,www.yu.ac.kr,2026-08-01T19:45:45.673Z
0000153,영남신학대학교,본교,대학교,경북,사립,고등교육법,영남신학대학교,기존,Youngnam Theological University & Seminary,"경상북도 경산시 진량읍 봉회1길 26 (봉회리, 영남신학대학교)",경상북도 경산시 진량읍 봉회리 117,38451,1993-12-17,www.ytus.ac.kr,2026-08-01T19:45:45.673Z
0000154,유원대학교,본교,대학교,충북,사립,고등교육법,금강학원,기존,U1 University,충청북도 영동군 영동읍 대학로 310,충청북도 영동군 영동읍 설계리 54,29131,1993-12-17,www.U1.ac.kr,2026-08-01T19:45:45.673Z
0000155,영산선학대학교,본교,대학교,전남광주,사립,고등교육법,영산학원,기존,Youngsan University Of Seon Studies,전남광주통합특별시 영광군 백수읍 성지로 1357 (길용리),전남광주통합특별시 영광군 백수읍 길용리 771-2,57026,1997-03-03,www.youngsan.ac.kr,2026-08-01T19:45:45.673Z
0000156,용인대학교,본교,대학교,경기,사립,고등교육법,단호학원,기존,Yong In University,"경기도 용인시 처인구 용인대학로 134 (삼가동, 용인대학교)",경기도 용인시 처인구 삼가동 470,17092,1953-06-15,www.yongin.ac.kr,2026-08-01T19:45:45.673Z
0000157,우석대학교,본교,대학교,전북,사립,고등교육법,우석학원,기존,Woosuk University,"전라북도 완주군 삼례읍 삼례로 443 (후정리, 우석대학교)",전북특별자치도 완주군 삼례읍 후정리 490,55338,1979-05-10,www.woosuk.ac.kr,2026-08-01T19:45:45.673Z
0000158,울산대학교,본교,대학교,울산,사립,고등교육법,울산공업학원,기존,University Of Ulsan,"울산광역시 남구 대학로 93 (무거동, 울산대학교)",울산광역시 남구 무거동 759,44610,1970-03-16,www.ulsan.ac.kr,2026-08-01T19:45:45.673Z
0000159,원광대학교,본교,대학교,전북,사립,고등교육법,원광학원,기존,Wonkwang University,전북특별자치도 익산시 익산대로 460 (신동),전북특별자치도 익산시 신동 272,54538,1951-09-05,www.wku.ac.kr,2026-08-01T19:45:45.673Z
0000160,위덕대학교,본교,대학교,경북,사립,고등교육법,회당학원,기존,Uiduk University,"경상북도 경주시 강동면 동해대로 261 (유금리, 위덕대학교)",경상북도 경주시 강동면 유금리 525,38004,1995-12-16,www.uu.ac.kr,2026-08-01T19:45:45.673Z
0000161,을지대학교,본교,대학교,대전,사립,고등교육법,을지학원,기존,Eulji University,"대전광역시 중구 계룡로771번길 77 (목동, 을지대학교대전캠퍼스)",대전광역시 중구 목동 24-14,34824,1967-03-21,www.eulji.ac.kr,2026-08-01T19:45:45.673Z
0000162,을지대학교,제2캠퍼스,대학교,경기,사립,고등교육법,을지학원,기존,Eulji University,"경기도 성남시 수정구 산성대로 553 (양지동, 을지대학교)",경기도 성남시 수정구 양지동 212,13135,1967-03-21,www.eulji.ac.kr,2026-08-01T19:45:45.673Z
0000163,이화여자대학교,본교,대학교,서울,사립,고등교육법,이화학당,기존,Ewha Womans University,"서울특별시 서대문구 이화여대길 52 (대현동, 이화여자대학교)",서울특별시 서대문구 대현동 11-1,03760,1946-08-15,www.ewha.ac.kr,2026-08-01T19:45:45.673Z
0000164,인제대학교,본교,대학교,경남,사립,고등교육법,인제학원,기존,Inje University,"경상남도 김해시 인제로 197 (어방동, 인제대학교)",경상남도 김해시 어방동 607,50834,1979-01-12,www.inje.ac.kr,2026-08-01T19:45:45.673Z
0000166,인제대학교,제2캠퍼스,대학교,부산,사립,고등교육법,인제학원,기존,Inje University,"부산광역시 부산진구 복지로 75 (개금동, 백병원)",부산광역시 부산진구 개금동 633-165,47392,1979-01-12,www.inje.ac.kr,2026-08-01T19:45:45.673Z
0000167,인천가톨릭대학교,제2캠퍼스,대학교,인천,사립,고등교육법,인천가톨릭학원,기존,Incheon Catholic University,인천광역시 연수구 송도문화로120번길 20 (송도동) 인천가톨릭대학교,인천광역시 연수구 송도동 193-3,21987,2010-03-01,www.iccu.ac.kr,2026-08-01T19:45:45.673Z
0000168,인천가톨릭대학교,본교,대학교,인천,사립,고등교육법,인천가톨릭학원,기존,Incheon Catholic University,"인천광역시 강화군 양도면 고려왕릉로 53-1 (도장리, 인천가톨릭대학교)",인천광역시 강화군 양도면 도장리 495,23058,1996-03-01,www.iccu.ac.kr,2026-08-01T19:45:45.673Z
0000169,인하대학교,본교,대학교,인천,사립,고등교육법,정석인하학원,기존,Inha University,인천광역시 미추홀구 인하로 100(용현동) 인하대학교,인천광역시 미추홀구 용현동 253-4,22212,1954-04-24,www.inha.ac.kr,2026-08-01T19:45:45.673Z
0000170,장로회신학대학교,본교,대학교,서울,사립,고등교육법,장로회신학대학교,기존,Presbyterian University & Theological Seminary,"서울특별시 광진구 광장로5길 25-1 (광장동, 장로회신학대학교)",서울특별시 광진구 광장동 353,04965,1961-02-02,www.puts.ac.kr,2026-08-01T19:45:45.673Z
0000171,전주대학교,본교,대학교,전북,사립,고등교육법,신동아학원,기존,Jeonju University,전북특별자치도 전주시 완산구 천잠로 303 (효자동2가),전북특별자치도 전주시 완산구 효자동3가 1203,55069,1953-05-05,www.jj.ac.kr,2026-08-01T19:45:45.673Z
0000172,조선대학교,본교,대학교,전남광주,사립,고등교육법,조선대학교,기존,Chosun University,전남광주통합특별시 동구 조선대길 146(서석동),전남광주통합특별시 동구 서석동 375,61452,1946-09-29,www.chosun.ac.kr,2026-08-01T19:45:45.673Z
0000173,중부대학교,본교,대학교,충남,사립,고등교육법,중부학원,기존,Joongbu University,"충청남도 금산군 추부면 대학로 201 (마전리, 중부대학교)",충청남도 금산군 추부면 마전리 755,32713,1993-03-01,www.joongbu.ac.kr,2026-08-01T19:45:45.673Z
0000174,중앙대학교,제2캠퍼스,대학교,경기,사립,고등교육법,중앙대학교,기존,Chung-Ang University,"경기도 안성시 대덕면 서동대로 4726 (내리, 중앙대학교)",경기도 안성시 대덕면 내리 10-1,17546,1916-10-17,www.cau.ac.kr,2026-08-01T19:45:45.673Z
0000175,중앙대학교,본교,대학교,서울,사립,고등교육법,중앙대학교,기존,Chung-Ang University,"서울특별시 동작구 흑석로 84 (흑석동, 중앙대학교)",서울특별시 동작구 흑석동 221,06974,1916-10-17,www.cau.ac.kr,2026-08-01T19:45:45.673Z
0000177,중앙승가대학교,본교,대학교,경기,사립,고등교육법,승가학원,기존,Joong-Ang Sangha University,경기도 김포시 승가로 123 (풍무동),경기도 김포시 풍무동 671-1,10118,1979-03-18,admission.sangha.ac.kr,2026-08-01T19:45:45.673Z
0000178,백석대학교,본교,대학교,충남,사립,고등교육법,백석대학교,기존,Baekseok University,충청남도 천안시 동남구 백석대학로 1 (안서동),충청남도 천안시 동남구 안서동 115,31065,1994-03-01,www.bu.ac.kr,2026-08-01T19:45:45.673Z
0000179,청주대학교,본교,대학교,충북,사립,고등교육법,청석학원,기존,Cheongju University,"충청북도 청주시 청원구 대성로 298 (내덕동, 청주대학교)",충청북도 청주시 청원구 우암동 213,28503,1947-06-06,www.cju.ac.kr,2026-08-01T19:45:45.673Z
0000180,총신대학교,본교,대학교,서울,사립,고등교육법,대한예수교장로회 총신대학교,기존,Chongshin University,"서울특별시 동작구 사당로 143 (사당동, 총신대학교)",서울특별시 동작구 사당동 200-1,06988,1967-06-02,www.chongshin.ac.kr,2026-08-01T19:45:45.673Z
0000181,추계예술대학교,본교,대학교,서울,사립,고등교육법,추계학원,기존,Chugye University For The Arts,"서울특별시 서대문구 북아현로11가길 7 (북아현동, 추계예술대학교)",서울특별시 서대문구 북아현동 190-1,03762,1996-12-11,www.chugye.ac.kr,2026-08-01T19:45:45.673Z
0000182,한국침례신학대학교,본교,대학교,대전,사립,고등교육법,한국침례신학원,기존,Korea Baptist Theological University/Seminary,"대전광역시 유성구 북유성대로 190 (하기동, 침례신학대학)",대전광역시 유성구 하기동 산 15-3,34098,1973-12-22,www.kbtus.ac.kr,2026-08-01T19:45:45.673Z
0000184,칼빈대학교,본교,대학교,경기,사립,고등교육법,칼빈신학원,기존,Calvin University,"경기도 용인시 기흥구 마북로 184 (마북동, 칼빈대학교)",경기도 용인시 기흥구 마북동 산 11-1,16911,1997-03-03,www.calvin.ac.kr,2026-08-01T19:45:45.673Z
0000186,평택대학교,본교,대학교,경기,사립,고등교육법,피어선기념학원,기존,Pyeongtaek University,"경기도 평택시 서동대로 3825 (용이동, 평택대학교)",경기도 평택시 용이동 605,17869,1990-11-28,www.ptu.ac.kr,2026-08-01T19:45:45.673Z
0000187,차의과학대학교,본교,대학교,경기,사립,고등교육법,성광학원,기존,CHA University,"경기도 포천시 해룡로 120 (동교동, 포천중문의과대학) 차의과학대학교",경기도 포천시 동교동 198-1,11160,1996-12-11,www.cha.ac.kr,2026-08-01T19:45:45.673Z
0000188,포항공과대학교,본교,대학교,경북,사립,고등교육법,포항공과대학교,기존,Pohang University of Science and Technology (POSTECH),"경상북도 포항시 남구 청암로 77 (지곡동, 포항공과대학교)",경상북도 포항시 남구 지곡동 산 260-1,37673,1986-12-03,www.postech.ac.kr,2026-08-01T19:45:45.673Z
0000189,한국기술교육대학교,본교,대학교,충남,사립,고등교육법,한국기술교육대학교,기존,Korea University of Technology and Education,"충청남도 천안시 동남구 병천면 충절로 1600 (가전리, 한국기술교육대학교)",충청남도 천안시 동남구 병천면 가전리 307,31253,1991-11-02,www.koreatech.ac.kr,2026-08-01T19:45:45.673Z
0000191,한국성서대학교,본교,대학교,서울,사립,고등교육법,한국복음주의학원,기존,Korean Bible University,"서울특별시 노원구 동일로214길 32 (상계동, 한국성서대학교)",서울특별시 노원구 상계동 205-4,01757,1996-12-11,www.bible.ac.kr,2026-08-01T19:45:45.673Z
0000192,한국외국어대학교,본교,대학교,서울,사립,고등교육법,동원육영회,기존,Hankuk University of Foreign Studies,"서울특별시 동대문구 이문로 107 (이문동, 한국외국어대학교)",서울특별시 동대문구 이문동 270-1,02450,1954-04-20,www.hufs.ac.kr,2026-08-01T19:45:45.673Z
0000194,한국항공대학교,본교,대학교,경기,사립,고등교육법,정석인하학원,기존,Korea Aerospace University,"경기도 고양시 덕양구 항공대학로 76 (화전동, 한국항공대학교)",경기도 고양시 덕양구 현천동 247-3,10540,1952-06-16,www.kau.ac.kr,2026-08-01T19:45:45.673Z
0000195,한남대학교,본교,대학교,대전,사립,고등교육법,대전기독학원,기존,Hannam University,"대전광역시 대덕구 한남로 70 (오정동, 한남대학교)",대전광역시 대덕구 오정동 133,34430,1956-03-13,www.hannam.ac.kr,2026-08-01T19:45:45.673Z
0000196,한동대학교,본교,대학교,경북,사립,고등교육법,한동대학교,기존,Handong Global University,"경상북도 포항시 북구 흥해읍 한동로 558 (남송리, 한동대학교)",경상북도 포항시 북구 흥해읍 남송리 3,37554,1994-12-02,www.handong.edu,2026-08-01T19:45:45.673Z
0000197,한라대학교,본교,대학교,강원,사립,고등교육법,배달학원,기존,Halla University,강원특별자치도 원주시 흥업면 한라대길 28,강원특별자치도 원주시 흥업면 흥업리 980,26404,1997-03-01,www.halla.ac.kr,2026-08-01T19:45:45.673Z
0000198,한림대학교,본교,대학교,강원,사립,고등교육법,일송학원,기존,Hallym University,강원특별자치도 춘천시 한림대학길 1 (옥천동),강원특별자치도 춘천시 후평동 671,24252,1982-03-01,www.hallym.ac.kr,2026-08-01T19:45:45.673Z
0000199,한서대학교,본교,대학교,충남,사립,고등교육법,함주학원,기존,Hanseo University,"충청남도 서산시 해미면 한서1로 46 (대곡리, 한서대학교)",충청남도 서산시 해미면 대곡리 337,31962,1991-11-15,www.hanseo.ac.kr,2026-08-01T19:45:45.673Z
0000200,한성대학교,본교,대학교,서울,사립,고등교육법,한성(漢城)학원,기존,Hansung University,"서울특별시 성북구 삼선교로16길 116 (삼선동2가, 한성대학교)",서울특별시 성북구 삼선동2가 389,02876,1972-12-21,www.hansung.ac.kr,2026-08-01T19:45:45.673Z
0000201,한세대학교,본교,대학교,경기,사립,고등교육법,한세대학교,기존,Hansei University,경기도 군포시 한세로 30 (당정동),경기도 군포시 당정동 964-3,15852,1953-05-10,www.hansei.ac.kr,2026-08-01T19:45:45.673Z
0000202,한신대학교,본교,대학교,경기,사립,고등교육법,한신학원,기존,Hanshin University,"경기도 오산시 한신대길 137 (양산동, 한신대학교)",경기도 오산시 양산동 469-2,18101,1940-04-19,www.hs.ac.kr,2026-08-01T19:45:45.673Z
0000203,한양대학교,본교,대학교,서울,사립,고등교육법,한양학원,기존,Hanyang University,"서울특별시 성동구 왕십리로 222 (사근동, 한양대학교)",서울특별시 성동구 사근동 110,04763,1948-07-01,www.hanyang.ac.kr,2026-08-01T19:45:45.673Z
0000204,한양대학교(ERICA),분교,대학교,경기,사립,고등교육법,한양학원,기존,Hanyang University Erica Campus,"경기도 안산시 상록구 한양대학로 55 (사동, 한양대학교)",경기도 안산시 상록구 사동 1271,15588,1979-01-10,www.hanyang.ac.kr,2026-08-01T19:45:45.673Z
0000205,서울한영대학교,본교,대학교,서울,사립,고등교육법,학교법인 한영신학대학교,기존,Seoul Hanyoung University,서울특별시 구로구 경인로 290-42 (개봉동),서울특별시 구로구 개봉동 415-9,08274,1996-11-11,shyu.ac.kr,2026-08-01T19:45:45.673Z
0000206,한일장신대학교,본교,대학교,전북,사립,고등교육법,한일신학,기존,Haniluniv.&Presb.Theol.Sem.,전북특별자치도 완주군 상관면 왜목로 726-15,전북특별자치도 완주군 상관면 신리 694-1,55359,1995-03-01,www.hanil.ac.kr,2026-08-01T19:45:45.673Z
0000207,협성대학교,본교,대학교,경기,사립,고등교육법,삼일학원,기존,HYUPSUNG UNIVERSITY,"경기도 화성시 봉담읍 최루백로 72 (상리, 협성대학교)",경기도 화성시 효행구 봉담읍 상리 14-1,18330,1983-03-04,www.uhs.ac.kr,2026-08-01T19:45:45.673Z
0000208,호남대학교,본교,대학교,전남광주,사립,고등교육법,성인학원,기존,Honam University,"전남광주통합특별시 광산구 호남대길 120 (서봉동, 호남대학본부)",전남광주통합특별시 광산구 서봉동 61-1,62399,1981-07-31,www.honam.ac.kr,2026-08-01T19:45:45.673Z
0000209,호남신학대학교,본교,대학교,전남광주,사립,고등교육법,호남신학대학교,기존,Honam Theological University & Seminary,"전남광주통합특별시 남구 제중로 77 (양림동, 호남신학대학교)",전남광주통합특별시 남구 양림동 226-5,61642,1972-02-16,www.htus.ac.kr,2026-08-01T19:45:45.673Z
0000211,호서대학교,본교,대학교,충남,사립,고등교육법,호서학원,기존,Hoseo University,"충청남도 아산시 배방읍 호서로79번길 20 (세출리, 호서대학교)",충청남도 아산시 배방읍 세출리 165,31499,1980-12-29,www.hoseo.ac.kr,2026-08-01T19:45:45.673Z
0000212,홍익대학교,본교,대학교,서울,사립,고등교육법,홍익학원,기존,Hongik University,"서울특별시 마포구 와우산로 94 (상수동, 홍익대학교)",서울특별시 마포구 상수동 72-1,04066,1946-04-25,www.hongik.ac.kr/,2026-08-01T19:45:45.673Z
0000215,가톨릭꽃동네대학교,본교,대학교,충북,사립,고등교육법,꽃동네현도학원,기존,Catholic Kkottongnae University,"충청북도 청주시 서원구 현도면 상삼길 133 (상삼리, 꽃동네대학교)",충청북도 청주시 서원구 현도면 상삼리 387,28211,1998-11-30,www.kkot.ac.kr,2026-08-01T19:45:45.673Z
0000216,남부대학교,본교,대학교,전남광주,사립,고등교육법,우암학원,기존,Nambu University,전남광주통합특별시 광산구 남부대길 1 (월계동),전남광주통합특별시 광산구 월계동 864-1,62271,1999-03-12,www.nambu.ac.kr,2026-08-01T19:45:45.673Z
0000218,예원예술대학교,본교,대학교,전북,사립,고등교육법,예원예술대학교,기존,Yewon Arts University,"전라북도 임실군 신평면 창인로 117 (창인리, 예원예술학교)",전북특별자치도 임실군 신평면 창인리 271,55913,2000-03-02,www.yewon.ac.kr,2026-08-01T19:45:45.673Z
0000219,예원예술대학교,제2캠퍼스,대학교,경기,사립,고등교육법,예원예술대학교,기존,Yewon Arts University,경기도 양주시 은현면 예원대학로 56,경기도 양주시 은현면 용암리 784-13,11429,2014-03-01,www.yewon.ac.kr,2026-08-01T19:45:45.673Z
0000221,목포가톨릭대학교,본교,대학교,전남광주,사립,고등교육법,골롬반학원,기존,Mokpo Catholic University,"전남광주통합특별시 목포시 영산로 697 (석현동, 목포가톨릭대학교)",전남광주통합특별시 목포시 석현동 894-1,58607,1999-12-17,www.mcu.ac.kr,2026-08-01T19:45:45.673Z
0000222,부산장신대학교,본교,대학교,경남,사립,고등교육법,부산장신대학교,기존,Busan Presbyterian University,경상남도 김해시 김해대로 1894-68 (구산동),경상남도 김해시 구산동 764,50883,2000-11-29,www.bpu.ac.kr,2026-08-01T19:45:45.673Z
0000224,금강대학교,본교,대학교,충남,사립,고등교육법,금강대학교,기존,Geumgang University,"충청남도 논산시 상월면 상월로 522 (대명리, 금강대학교)",충청남도 논산시 상월면 상도리 27-14,32906,2002-11-16,www.ggu.ac.kr,2026-08-01T19:45:45.673Z
0000228,예수대학교,본교,대학교,전북,사립,고등교육법,예수대학교,기존,Jesus University,"전라북도 전주시 완산구 서원로 383 (중화산동1가, 예수대학교)",전북특별자치도 전주시 완산구 중화산동1가 168-1,54989,2003-03-01,www.jesus.ac.kr,2026-08-01T19:45:45.673Z
0000231,광주대학교,본교,대학교,전남광주,사립,고등교육법,호심학원,기존,Gwangju University,"전남광주통합특별시 남구 효덕로 277 (진월동, 광주대학교)",전남광주통합특별시 남구 진월동 592-1,61743,2004-03-01,www.gwangju.ac.kr,2026-08-01T19:45:45.673Z
0000233,화성의과학대학교,본교,대학교,경기,사립,고등교육법,신경학원,기존,HWASUNG MEDI-SCIENCE UNIVERSITY,경기도 화성시 남양읍 남양중앙로 400-5,경기도 화성시 만세구 남양읍 남양리 1483-1,18274,2004-04-07,www.hsmu.ac.kr/,2026-08-01T19:45:45.673Z
0000235,동명대학교,본교,대학교,부산,사립,고등교육법,동명문화학원,기존,Tongmyong University,"부산광역시 남구 신선로 428 (용당동, 동명대학교)",부산광역시 남구 용당동 485,48520,2006-03-01,www.tu.ac.kr,2026-08-01T19:45:45.673Z
0003193,영산대학교(해운대),본교,대학교,경남,사립,고등교육법,성심학원,폐교,Youngsan University,경상남도 양산시 주남로 288 (주남동) 영산대학교 양산캠퍼스,,50510,2005-12-21,www.ysu.ac.kr,2026-08-01T19:45:45.673Z
0003194,영산대학교(양산),제2캠퍼스,대학교,부산,사립,고등교육법,성심학원,폐교,Youngsan University,부산광역시 해운대구 반송순환로 142 (반송동) 영산대학교 해운대캠퍼스,,48015,2005-12-21,www.ysu.ac.kr,2026-08-01T19:45:45.673Z
0000238,대전신학대학교,본교,대학교,대전,사립,고등교육법,대전신학대학교,기존,Daejeon Theological University,"대전광역시 대덕구 한남로 41 (오정동, 대전신학대학교)",대전광역시 대덕구 오정동 226-22,34432,2009-03-01,www.daejeon.ac.kr,2026-08-01T19:45:45.673Z
0000239,중원대학교,본교,대학교,충북,사립,고등교육법,대진교육재단,기존,Jungwon University,"충청북도 괴산군 괴산읍 문무로 85 (동부리, 중원대학교)",충청북도 괴산군 괴산읍 동부리 5,28024,2009-03-02,www.jwu.ac.kr,2026-08-01T19:45:45.673Z
0000240,우송대학교,본교,대학교,대전,사립,고등교육법,우송학원,기존,Woosong University,"대전광역시 동구 동대전로 171 (자양동, 우송정보대학)",대전광역시 동구 자양동 155-3,34606,1995-03-01,www.wsu.ac.kr,2026-08-01T19:45:45.673Z
0000241,김천대학교,본교,대학교,경북,사립,고등교육법,김천대학교,기존,Gimcheon University,"경상북도 김천시 대학로 214 (삼락동, 김천대학교)",경상북도 김천시 삼락동 754-1,39528,2010-03-01,www.gimcheon.ac.kr,2026-08-01T19:45:45.673Z
0000243,송원대학교,본교,대학교,전남광주,사립,고등교육법,송원대학교,기존,Songwon University,"전남광주통합특별시 남구 송암로 73 (송하동, 송원대학)",전남광주통합특별시 남구 송하동 365-1,61756,2012-03-01,www.songwon.ac.kr,2026-08-01T19:45:45.673Z
0000244,경운대학교,본교,대학교,경북,사립,고등교육법,숭선학원,기존,Kyungwoon University,경상북도 구미시 산동읍 강동로 730,경상북도 구미시 산동읍 인덕리 161-5,39160,2012-03-01,www.ikw.ac.kr,2026-08-01T19:45:45.673Z
0000245,남서울대학교,본교,대학교,충남,사립,고등교육법,성암학원,기존,Namseoul University,"충청남도 천안시 서북구 성환읍 대학로 91 (매주리, 남서울대학교)",충청남도 천안시 서북구 성환읍 매주리 21,31020,1994-03-01,www.nsu.ac.kr/,2026-08-01T19:45:45.673Z
0000246,초당대학교,본교,대학교,전남광주,사립,고등교육법,초당학원,기존,Chodang University,"전남광주통합특별시 무안군 무안읍 무안로 380 (성남리, 초당대학교)",전남광주통합특별시 무안군 무안읍 성남리 419,58530,1994-03-07,www.cdu.ac.kr,2026-08-01T19:45:45.673Z
0000247,한국공학대학교,본교,대학교,경기,사립,고등교육법,한국산업기술대학,기존,Tech University of Korea,경기도 시흥시 산기대학로 237 (정왕동),경기도 시흥시 정왕동 2121-1,15073,1998-03-07,www.tukorea.ac.kr,2026-08-01T19:45:45.673Z
0000248,제주국제대학교,본교,대학교,제주,사립,고등교육법,동원교육학원,기존,Jejuinternationaluniversity,제주특별자치도 제주시 516로 2870 (영평동),제주특별자치도 제주시 영평동 2235,63309,2012-03-01,www.jeju.ac.kr,2026-08-01T19:45:45.673Z
0000249,창신대학교,본교,대학교,경남,사립,고등교육법,학교법인 우정학원,기존,Changshin University,"경상남도 창원시 마산회원구 팔용로 262 (합성동, 창신대학)",경상남도 창원시 마산회원구 합성동 1,51352,2013-03-04,www.cs.ac.kr,2026-08-01T19:45:45.673Z
0000250,울산과학기술원,본교,대학교,울산,특별법법인,특별법법인,울산과학기술원,기존,Ulsan National Institute of Science and Technology,"울산광역시 울주군 언양읍 유니스트길 50 (반연리, 울산과학기술원)",울산광역시 울주군 언양읍 반연리 산 69-3,44919,2009-03-02,www.unist.ac.kr,2026-08-01T19:45:45.673Z
0000251,공주교육대학교,본교,교육대학,충남,국립,고등교육법,해당없음,기존,Gongju National University Of Education,"충청남도 공주시 웅진로 27 (봉황동, 공주교육대학교)",충청남도 공주시 봉황동 376-1,32553,1938-04-01,www.gjue.ac.kr,2026-08-01T19:45:45.673Z
0000252,광주교육대학교,본교,교육대학,전남광주,국립,고등교육법,해당없음,기존,Gwangju National University Of Education,"전남광주통합특별시 북구 필문대로 55 (풍향동, 광주교육대학교)",전남광주통합특별시 북구 풍향동 1-1,61204,1963-03-01,www.gnue.ac.kr,2026-08-01T19:45:45.673Z
0000253,대구교육대학교,본교,교육대학,대구,국립,고등교육법,해당없음,기존,Daegu National University Of Education,"대구광역시 남구 중앙대로 219 (대명동, 대구교육대학교)",대구광역시 남구 대명동 1797-8,42411,1950-03-25,www.dnue.ac.kr,2026-08-01T19:45:45.673Z
0000254,부산교육대학교,본교,교육대학,부산,국립,고등교육법,해당없음,기존,Busan National University Of Education,"부산광역시 연제구 교대로 24 (거제동, 부산교육대학교) 교무처",부산광역시 연제구 거제동 256-1,47503,1946-09-02,www.bnue.ac.kr,2026-08-01T19:45:45.673Z
0000255,서울교육대학교,본교,교육대학,서울,국립,고등교육법,해당없음,기존,Seoul National University Of Education,"서울특별시 서초구 서초중앙로 96 (서초동, 서울교육대학교)",서울특별시 서초구 서초동 1650,06639,1946-05-22,www.snue.ac.kr,2026-08-01T19:45:45.673Z
0000256,경인교육대학교,본교,교육대학,인천,국립,고등교육법,해당없음,기존,Gyeongin National University Of Education,"인천광역시 계양구 계산로 62 (계산동, 경인교육대학교)",인천광역시 계양구 계산동 857-87,21044,1962-02-17,www.ginue.ac.kr,2026-08-01T19:45:45.673Z
0000257,경인교육대학교,제2캠퍼스,교육대학,경기,국립,고등교육법,해당없음,기존,Gyeongin National University Of Education,"경기도 안양시 만안구 삼막로 155 (석수동, 경인교육대학교)",경기도 안양시 만안구 석수동 6-26,13910,2005-03-01,www.ginue.ac.kr,2026-08-01T19:45:45.673Z
0000258,전주교육대학교,본교,교육대학,전북,국립,고등교육법,해당없음,기존,Jeonju National University Of Education,전북특별자치도 전주시 완산구 서학로 50 (동서학동),전북특별자치도 전주시 완산구 동서학동 213,55101,1963-03-01,www.jnue.kr,2026-08-01T19:45:45.673Z
0000260,진주교육대학교,본교,교육대학,경남,국립,고등교육법,해당없음,기존,Chinju National Uinversity Of Education,"경상남도 진주시 진양호로369번길 3 (신안동, 진주교육대학교)",경상남도 진주시 신안동 380,52673,1963-01-01,www.cue.ac.kr,2026-08-01T19:45:45.673Z
0000261,청주교육대학교,본교,교육대학,충북,국립,고등교육법,해당없음,기존,Cheongju National University of Education,"충청북도 청주시 서원구 청남로 2065 (수곡동, 청주교육대학교)",충청북도 청주시 서원구 수곡동 135-1,28690,1962-02-17,www.cje.ac.kr,2026-08-01T19:45:45.673Z
0000262,춘천교육대학교,본교,교육대학,강원,국립,고등교육법,해당없음,기존,Chuncheon National University Of Education,강원특별자치도 춘천시 공지로 126 (석사동),강원특별자치도 춘천시 석사동 339,24328,1939-04-01,www.cnue.ac.kr,2026-08-01T19:45:45.673Z
0000263,한밭대학교(산업대),본교,산업대학,대전,국립,고등교육법,해당없음,폐교,Hanbat National University,"대전광역시 유성구 동서대로 125 (덕명동, 한밭대학교)",대전광역시 유성구 덕명동 16-1,34158,1927-05-20,www.hanbat.ac.kr,2026-08-01T19:45:45.673Z
0000269,진주산업대학교(산업대),본교,산업대학,경남,국립,고등교육법,해당없음,폐교,Jinju National University,"경상남도 진주시 동진로 33 (칠암동, 경남과학기술대학교)",경상남도 진주시 칠암동 150-1,52725,1910-04-30,www.gntech.ac.kr,2026-08-01T19:45:45.673Z
0000273,한국방송통신대학교,본교,방송통신대학,서울,국립,고등교육법,해당없음,기존,Korea National Open University,"서울특별시 종로구 대학로 86 (동숭동, 한국방송통신대학교)",서울특별시 종로구 동숭동 169-1,03087,1972-03-09,www.knou.ac.kr,2026-08-01T19:45:45.673Z
0000276,남서울대학교(산업대),본교,산업대학,충남,사립,고등교육법,성암학원,폐교,Namseoul University,"충청남도 천안시 서북구 성환읍 대학로 91 (매주리, 남서울대학교)",충청남도 천안시 서북구 성환읍 매주리 21,31020,1994-04-14,www.nsu.ac.kr,2026-08-01T19:45:45.673Z
0000281,우송대학교(산업대),본교,산업대학,대전,사립,고등교육법,우송학원,폐교,Woosong University,"대전광역시 동구 동대전로 171 (자양동, 우송정보대학)",대전광역시 동구 자양동 155-3,34606,1995-03-01,www.wsu.ac.kr,2026-08-01T19:45:45.673Z
0000282,호원대학교,본교,산업대학,전북,사립,고등교육법,정은학원,기존,Howon University,"전라북도 군산시 임피면 호원대3길 64 (월하리, 호원대학교)",전북특별자치도 군산시 임피면 월하리 727,54058,1978-03-02,www.howon.ac.kr,2026-08-01T19:45:45.673Z
0000284,청운대학교,본교,산업대학,충남,사립,고등교육법,혜전학원,기존,Chungwoon University,"충청남도 홍성군 홍성읍 대학길 25 (남장리, 청운대학교)",충청남도 홍성군 홍성읍 남장리 392-1,32244,1994-12-03,www.chungwoon.ac.kr,2026-08-01T19:45:45.673Z
0000285,경운대학교(산업대),본교,산업대학,경북,사립,고등교육법,숭선학원,폐교,Kyungwoon University,"경상북도 구미시 산동면 강동로 730 (인덕리, 경운대학교)",,39160,1997-03-01,www.ikw.ac.kr,2026-08-01T19:45:45.673Z
0000288,정석대학,본교,기술대학,서울,사립,고등교육법,한진학원,기존,Jungseok Institute Of Technology,서울특별시 강서구 오정로 576 (공항동),서울특별시 강서구 공항동 369-2,07505,2000-03-01,,2026-08-01T19:45:45.673Z
0000317,순복음총회신학교,본교,각종학교(대학),충북,사립,고등교육법,순총학원,기존,Korea Christian College,충청북도 제천시 덕산면 도전로 320 (도전리),충청북도 제천시 덕산면 도전리 486,27223,2010-03-08,www.kcc.ac.kr,2026-08-01T19:45:45.673Z
0000318,경희사이버대학교,본교,사이버대학(대학),서울,사립,고등교육법,경희학원,기존,Kyung Hee Cyber University,"서울특별시 동대문구 경희대로 26 (회기동, 경희사이버대학교)",서울특별시 동대문구 회기동 1-5,02447,2001-03-03,www.khcu.ac.kr,2026-08-01T19:45:45.673Z
0000319,국제사이버대학교,본교,사이버대학(대학),경기,사립,고등교육법,광동학원,기존,Gukje Cyber University,경기도 수원시 팔달구 경수대로 490 (인계동),경기도 수원시 팔달구 인계동 950-12,16487,2003-03-01,www.gjcu.ac.kr,2026-08-01T19:45:45.673Z
0000320,대구사이버대학교,본교,사이버대학(대학),경북,사립,고등교육법,영광학원,기존,Daegu Cyber University,"경상북도 경산시 진량읍 대구대로 201 (내리리, 대구대학교경산캠퍼스)",경상북도 경산시 진량읍 내리리 15,38453,2001-11-10,www.dcu.ac.kr,2026-08-01T19:45:45.673Z
0000321,부산디지털대학교,본교,사이버대학(대학),부산,사립,고등교육법,동서학원,기존,Busandigital University,"부산광역시 사상구 주례로 57 (주례동, 부산디지털대학교)",부산광역시 사상구 주례동 166-215,47011,2001-11-01,www.bdu.ac.kr,2026-08-01T19:45:45.673Z
0000322,서울디지털대학교,본교,사이버대학(대학),서울,사립,고등교육법,서울디지털대학교,기존,Seoul Digital University,"서울특별시 강서구 공항대로 424 (화곡동, 서울디지털대학교)",서울특별시 강서구 화곡동 1107-2,07654,2001-03-01,www.sdu.ac.kr,2026-08-01T19:45:45.673Z
0000323,서울사이버대학교,본교,사이버대학(대학),서울,사립,고등교육법,신일학원,기존,Seoul Cyber University,"서울특별시 강북구 솔매로49길 60 (미아동, 서울사이버대학교)",서울특별시 강북구 미아동 193-15,01133,2000-11-30,www.iscu.ac.kr,2026-08-01T19:45:45.673Z
0000325,세종사이버대학교,본교,사이버대학(대학),서울,사립,고등교육법,대양학원,기존,Sejong Cyber University,"서울특별시 광진구 군자로 121 (군자동, 세종사이버대학)",서울특별시 광진구 군자동 111-1,05000,2001-03-01,home.sjcu.ac.kr/ko/index.do,2026-08-01T19:45:45.673Z
0000326,한국열린사이버대학교,본교,사이버대학(대학),서울,사립,고등교육법,학교법인 열린학원,기존,Open Cyber University Of Korea (OCU),"서울특별시 중랑구 망우로 353, C동 9층(상봉프레미어스엠코)",서울특별시 중랑구 상봉동 500,02087,2001-03-01,www.ocu.ac.kr,2026-08-01T19:45:45.673Z
0000327,원광디지털대학교,본교,사이버대학(대학),전북,사립,고등교육법,원광학원,기존,Wonkwang Digital University,"전라북도 익산시 익산대로 460 (신동, 원광디지털대학교)",전북특별자치도 익산시 신동 272,54538,2002-03-01,www.wdu.ac.kr,2026-08-01T19:45:45.673Z
0000328,고려사이버대학교,본교,사이버대학(대학),서울,사립,고등교육법,고려중앙학원,기존,Korea Cyber University,"서울특별시 종로구 북촌로 106 (계동, 고려사이버대학교)",서울특별시 종로구 계동 1-21,03051,2001-02-20,www.koreacu.ac.kr,2026-08-01T19:45:45.673Z
0000329,숭실사이버대학교,본교,사이버대학(대학),서울,사립,고등교육법,숭실사이버대학교,기존,Korea Soongsil Cyber University,"서울특별시 종로구 삼일대로30길 23 (익선동, BIZWELL종로오피스텔)",서울특별시 종로구 익선동 34,03132,2000-11-30,www.kcu.ac,2026-08-01T19:45:45.673Z
0000330,디지털서울문화예술대학교,본교,사이버대학(대학),서울,사립,고등교육법,학교법인 서울문화예술대학교,기존,Digital Seoul Culture Arts University,"서울특별시 서대문구 통일로37길 60 (홍제동, 디지털서울문화예술대학교)",서울특별시 서대문구 홍제동 318-18,03645,2010-03-01,www.scau.ac.kr,2026-08-01T19:45:45.673Z
0000331,한양사이버대학교,본교,사이버대학(대학),서울,사립,고등교육법,한양학원,기존,Hanyang Cyber University,"서울특별시 성동구 왕십리로 220 (행당동, 한양사이버대학교)",서울특별시 성동구 사근동 110,04763,2002-03-01,www.hycu.ac.kr,2026-08-01T19:45:45.673Z
0000332,사이버한국외국어대학교,본교,사이버대학(대학),서울,사립,고등교육법,동원육영회,기존,Cyber Hankuk University Of Foreign Studies,서울특별시 동대문구 이문로 107 (이문동) 사이버한국외국어대학교,서울특별시 동대문구 이문동 270-1,02450,2004-03-01,www.cufs.ac.kr,2026-08-01T19:45:45.673Z
0000333,화신사이버대학교,본교,사이버대학(대학),부산,사립,고등교육법,화신학원,기존,Hwashin Cyber University,"부산광역시 연제구 고분로191번길 1 (연산동, 화신사이버대학교)",부산광역시 연제구 연산동 411-2,47558,2009-03-01,www.hscu.ac.kr,2026-08-01T19:45:45.673Z
0000334,글로벌사이버대학교,본교,사이버대학(대학),충남,사립,고등교육법,한문화학원,기존,Global Cyber University,"충청남도 천안시 동남구 목천읍 교천지산길 284-88 (지산리, 글로벌사이버대학교)",충청남도 천안시 동남구 목천읍 지산리 189-4,31228,2010-03-01,www.global.ac.kr,2026-08-01T19:45:45.673Z
0000335,건양사이버대학교,본교,사이버대학(대학),대전,사립,고등교육법,학교법인 건양교육재단,기존,Konyang Cyber University,"대전광역시 서구 관저동로 158 (관저동, 건양대학교병원) 건양사이버대학교",대전광역시 서구 관저동 1643,35365,2012-03-01,www.kycu.ac.kr,2026-08-01T19:45:45.673Z
0000374,한국과학기술원,본교,대학교,대전,특별법법인,특별법법인,한국과학기술원,기존,Korea Advanced Institute of Science and Technology(KAIST),"대전광역시 유성구 대학로 291 (구성동, 한국과학기술원)",대전광역시 유성구 구성동 23,34141,1971-02-16,www.kaist.ac.kr,2026-08-01T19:45:45.673Z
0000381,광주과학기술원,본교,대학교,전남광주,특별법법인,특별법법인,광주과학기술원,기존,Gwangju Institute Of Science And Technology,"전남광주통합특별시 북구 첨단과기로 123 (오룡동, 광주과학기술원)",전남광주통합특별시 북구 오룡동 1,61005,1993-11-17,www.gist.ac.kr,2026-08-01T19:45:45.673Z
0000382,대구경북과학기술원,본교,대학교,대구,특별법법인,특별법법인,대구경북과학기술원,기존,Daegu Gyeongbuk Institute of Science and Technology,대구광역시 달성군 현풍읍 테크노중앙대로 333,대구광역시 달성군 현풍읍 상리 953,42988,2010-03-25,www.dgist.ac.kr,2026-08-01T19:45:45.673Z
0000383,한국예술종합학교,본교,각종학교(대학),서울,특별법국립,고등교육법,해당없음,기존,Korea National University Of Arts,"서울특별시 성북구 화랑로32길 146-37 (석관동, 한국종합예술학교)",서울특별시 성북구 석관동 409,02789,1992-10-30,Karts.ac.kr/,2026-08-01T19:45:45.673Z
0000402,경남도립거창대학,본교,전문대학,경남,공립,고등교육법,해당없음,폐교,University Of Gyeongnam Geochang,"경상남도 거창군 거창읍 거창대학로 72 (대평리, 경남도립거창대학)",경상남도 거창군 거창읍 김천리 164,50147,1996-03-01,www.gc.ac.kr,2026-08-01T19:45:45.673Z
0000403,경남도립남해대학,본교,전문대학,경남,공립,고등교육법,해당없음,폐교,University Of Gyeongnam Namhae,"경상남도 남해군 남해읍 화전로78번길 30 (남변리, 경남도립남해대학)",경상남도 남해군 남해읍 남변리 162,52422,1996-03-07,www.namhae.ac.kr,2026-08-01T19:45:45.673Z
0000405,경북도립대학교,본교,전문대학,경북,공립,고등교육법,해당없음,폐교,Gyeongbuk Provincial College,"경상북도 예천군 예천읍 도립대학길 114 (청복리, 경북도립대학교)",경상북도 예천군 예천읍 청복리 947-1,36830,1996-12-26,www.gpc.ac.kr,2026-08-01T19:45:45.673Z
0000406,충북도립대학교,본교,전문대학,충북,공립,고등교육법,해당없음,기존,Chungbuk Provincial University,충청북도 옥천군 옥천읍 대학길 15 (문정리),충청북도 옥천군 옥천읍 금구리 40-1,29046,1998-03-06,www.cpu.ac.kr,2026-08-01T19:45:45.673Z
0000410,가톨릭상지대학교,본교,전문대학,경북,사립,고등교육법,상지학원(전문),기존,Catholic Sangji University,"경상북도 안동시 상지길 45 (율세동, 가톨릭상지대학교)",경상북도 안동시 율세동 산 104,36686,1970-03-10,www.csj.ac.kr,2026-08-01T19:45:45.673Z
0000412,거제대학교,본교,전문대학,경남,사립,고등교육법,덕부학원,기존,Geoje University,"경상남도 거제시 마전1길 91 (장승포동, 거제대학)",경상남도 거제시 일운면 옥림리 146-3,53325,1989-12-01,www.koje.ac.kr,2026-08-01T19:45:45.673Z
0000415,호산대학교,본교,전문대학,경북,사립,고등교육법,호산교육재단,기존,Hosan University,"경상북도 경산시 하양읍 대경로105길 19 (부호리, 호산대학교)",경상북도 경산시 하양읍 부호리 224-1,38428,1992-03-09,www.hosan.ac.kr,2026-08-01T19:45:45.673Z
0000416,경민대학교,본교,전문대학,경기,사립,고등교육법,경민학원,기존,Kyungmin University,"경기도 의정부시 서부로 545 (가능동, 경민대학)",경기도 의정부시 가능동 572-1,11618,1992-03-02,www.kyungmin.ac.kr,2026-08-01T19:45:45.673Z
0000418,영남외국어대학,본교,전문대학,경북,사립,고등교육법,경북학원,기존,Youngnam Foreign Language College,"경상북도 경산시 남천면 남천로 780-9 (협석리, 영남외국어대학)",경상북도 경산시 남천면 협석리 220-4,38695,1995-03-01,www.yflc.ac.kr,2026-08-01T19:45:45.673Z
0000422,경인여자대학교,본교,전문대학,인천,사립,고등교육법,태양학원,기존,Kyung-In Women'S University,"인천광역시 계양구 계양산로 63 (계산동, 경인여자대학)",인천광역시 계양구 계산동 548-4,21041,1992-03-02,www.kiwu.ac.kr,2026-08-01T19:45:45.673Z
0000425,계명문화대학교,본교,전문대학,대구,사립,고등교육법,계명대학교,기존,Keimyung College University,"대구광역시 달서구 달서대로 675 (신당동, 계명문화대학교)",대구광역시 달서구 신당동 700,42601,1962-02-27,www.kmcu.ac.kr,2026-08-01T19:45:45.673Z
0000426,계원예술대학교,본교,전문대학,경기,사립,고등교육법,계원학원,기존,Kaywon University Of Art &  Design,"경기도 의왕시 계원대학로 66 (내손동, 계원예술대학교)",경기도 의왕시 내손동 247,16038,1993-03-01,www.kaywon.ac.kr,2026-08-01T19:45:45.673Z
0000428,광양보건대학교,본교,전문대학,전남광주,사립,고등교육법,양남학원,기존,Gwangyang Health Sciences University,"전남광주통합특별시 광양시 광양읍 대학로 85 (덕례리, 광양보건대학)",전남광주통합특별시 광양시 광양읍 덕례리 654-1,57764,1994-03-15,www.gy.ac.kr,2026-08-01T19:45:45.673Z
0000429,광주보건대학교,본교,전문대학,전남광주,사립,고등교육법,전라기독학원,기존,Gwangju Health University,"전남광주통합특별시 광산구 북문대로419번길 73 (신창동, 광주보건대학)",전남광주통합특별시 광산구 신창동 683-3,62287,1971-12-23,www.ghu.ac.kr,2026-08-01T19:45:45.673Z
0000430,구미대학교,본교,전문대학,경북,사립,고등교육법,구미교육재단,기존,Gumi University,"경상북도 구미시 야은로 37 (부곡동, 구미대학교)",경상북도 구미시 부곡동 502-1,39213,1991-11-30,www.gumi.ac.kr,2026-08-01T19:45:45.673Z
0000432,군장대학교,본교,전문대학,전북,사립,고등교육법,광동학원,기존,Kunjang University College,"전라북도 군산시 성산면 군장대길 13 (도암리, 군장대학)",전북특별자치도 군산시 성산면 도암리 608-8,54045,1994-03-09,www.kunjang.ac.kr,2026-08-01T19:45:45.673Z
0000433,강동대학교,본교,전문대학,충북,사립,고등교육법,숭희학원,기존,Gangdong University,"충청북도 음성군 감곡면 대학길 278 (단평리, 강동대학교)",충청북도 음성군 감곡면 단평리 154,27600,1994-03-05,www.gangdong.ac.kr,2026-08-01T19:45:45.673Z
0000435,나주대학교,본교,전문대학,전남광주,사립,고등교육법,아신학원,기존,Naju College,"전남광주통합특별시 나주시 다시면 백호로 125 (복암리, 고구려대학)",전남광주통합특별시 나주시 다시면 복암리 837-8,58280,1995-01-25,www.naju.ac.kr,2026-08-01T19:45:45.673Z
0000437,전주기전대학,본교,전문대학,전북,사립,고등교육법,학교법인 덕삼,기존,Jeonju Kijeon College,"전라북도 전주시 완산구 전주천서로 267 (중화산동1가, 전주기전대학)",전북특별자치도 전주시 완산구 중화산동1가 188-12,54989,1974-03-21,www.kijeon.ac.kr,2026-08-01T19:45:45.673Z
0000438,경북보건대학교,본교,전문대학,경북,사립,고등교육법,양산학원,기존,Gyeongbuk College Of Health,"경상북도 김천시 대학로 168 (삼락동, 경북보건대학교)",경상북도 김천시 삼락동 480,39525,1956-04-12,www.gch.ac.kr,2026-08-01T19:45:45.673Z
0000440,김포대학교,본교,전문대학,경기,사립,고등교육법,김포대학,기존,Kimpo University,경기도 김포시 모담공원로 10 (운양동),경기도 김포시 운양동 1329-9,10078,1996-03-01,ukp.ac.kr,2026-08-01T19:45:45.673Z
0000441,농협대학교,본교,전문대학,경기,사립,고등교육법,농협학원,기존,Agricultural Cooperative University,"경기도 고양시 덕양구 서삼릉길 281 (원당동, 농협대학)",경기도 고양시 덕양구 원당동 198-201,10292,1962-12-28,www.nonghyup.ac.kr,2026-08-01T19:45:45.673Z
0000442,대경대학교,본교,전문대학,경북,사립,고등교육법,중암학원,기존,Daekyeung College,"경상북도 경산시 자인면 단북1길 65 (단북리, 대경대학)",경상북도 경산시 자인면 단북리 63,38547,1992-05-22,www.tk.ac.kr,2026-08-01T19:45:45.673Z
0000443,대구공업대학교,본교,전문대학,대구,사립,고등교육법,대구학원,기존,Daegutechnical University,"대구광역시 달서구 송현로 205 (본동, 대구공업대학)",대구광역시 달서구 본동 830,42734,1976-03-20,www.ttc.ac.kr,2026-08-01T19:45:45.673Z
0000444,대구보건대학교,본교,전문대학,대구,사립,고등교육법,배영학숙,기존,Daegu Health College,"대구광역시 북구 영송로 15 (태전동, 대구보건대학)",대구광역시 북구 태전동 산 6-6,41453,1971-12-23,www.dhc.ac.kr,2026-08-01T19:45:45.673Z
0000446,대구과학대학교,본교,전문대학,대구,사립,고등교육법,한별학숙,기존,Taegu Science University,"대구광역시 북구 영송로 47 (태전동, 대구과학대학)",대구광역시 북구 태전동 산 9-1,41453,1960-05-09,www.tsu.ac.kr,2026-08-01T19:45:45.673Z
0000447,대동대학교,본교,전문대학,부산,사립,고등교육법,화봉학원,기존,Daedong University,"부산광역시 금정구 동부곡로27번길 88 (부곡동, 대동대학교)",부산광역시 금정구 부곡동 373-4,46270,1971-05-24,www.daedong.ac.kr,2026-08-01T19:45:45.673Z
0000448,대림대학교,본교,전문대학,경기,사립,고등교육법,대림학원,기존,Daelim University,"경기도 안양시 동안구 임곡로 29 (비산동, 대림대학교)",경기도 안양시 동안구 비산동 526-7,13916,1977-06-24,www.daelim.ac.kr,2026-08-01T19:45:45.673Z
0000449,대원대학교,본교,전문대학,충북,사립,고등교육법,민송학원,기존,Daewon University College,"충청북도 제천시 대학로 316 (신월동, 대원대학)",충청북도 제천시 신월동 599,27135,1995-03-01,www.daewon.ac.kr,2026-08-01T19:45:45.673Z
0000450,동서울대학교,본교,전문대학,경기,사립,고등교육법,학산학원,기존,Dong Seoul University,"경기도 성남시 수정구 복정로 76 (복정동, 동서울대학)",경기도 성남시 수정구 복정동 423-8,13117,1978-03-15,www.du.ac.kr,2026-08-01T19:45:45.673Z
0000451,대전보건대학교,본교,전문대학,대전,사립,고등교육법,청운학원,기존,DAEJEON HEALTH UNIVERSITY,"대전광역시 동구 충정로 21 (가양동, 대전보건대학)",대전광역시 동구 가양동 77-3,34504,1977-12-03,www.hit.ac.kr,2026-08-01T19:45:45.673Z
0000452,우송정보대학,본교,전문대학,대전,사립,고등교육법,우송학원,기존,Woosong College,대전광역시 동구 백룡로 59(자양동 101-17) 우송정보대학,대전광역시 동구 자양동 17-2,34518,1963-03-01,www.wsi.ac.kr,2026-08-01T19:45:45.673Z
0000453,대전과학기술대학교,본교,전문대학,대전,사립,고등교육법,학교법인 혜천학원,기존,Daejeon Institute Of Science And Technology,"대전광역시 서구 혜천로 100 (복수동, 대전과학기술대학교)",대전광역시 서구 복수동 333,35408,1940-04-15,www.dst.ac.kr,2026-08-01T19:45:45.673Z
0000454,아주자동차대학교,본교,전문대학,충남,사립,고등교육법,대우학원,기존,Ajou Motor College,충청남도 보령시 주포면 대학길 106,충청남도 보령시 주포면 관산리 290-1,33415,1994-11-17,www.motor.ac.kr,2026-08-01T19:45:45.673Z
0000455,재능대학교,본교,전문대학,인천,사립,고등교육법,재능학원,기존,JEI University,"인천광역시 동구 재능로 178 (송림동, 재능대학)",,22573,1970-12-16,www.jeiu.ac.kr,2026-08-01T19:45:45.673Z
0000456,경북과학대학교,본교,전문대학,경북,사립,고등교육법,경북과학대학,기존,Kyongbuk Science University,"경상북도 칠곡군 기산면 지산로 634 (봉산리, 경북과학대학교)",경상북도 칠곡군 기산면 봉산리 123,39913,1993-03-15,www.kbsu.ac.kr,2026-08-01T19:45:45.673Z
0000457,동남보건대학교,본교,전문대학,경기,사립,고등교육법,동남학원,기존,Dongnam Health University,"경기도 수원시 장안구 천천로74번길 50 (정자동, 동남보건전문대학)",경기도 수원시 장안구 정자동 936-2,16328,1973-10-18,www.dongnam.ac.kr,2026-08-01T19:45:45.673Z
0000460,동강대학교,본교,전문대학,전남광주,사립,고등교육법,후성학원,기존,Donggang University,"전남광주통합특별시 북구 동문대로 50 (풍향동, 동강대학)",전남광주통합특별시 북구 두암동 700-12,61200,1976-01-24,www.dkc.ac.kr,2026-08-01T19:45:45.673Z
0000461,동아방송예술대학교,본교,전문대학,경기,사립,고등교육법,공산학원,기존,Dong-Ah Institute Of Media And Arts,"경기도 안성시 삼죽면 동아예대길 47 (진촌리, 동아방송예술대학교)",경기도 안성시 삼죽면 진촌리 632-18,17516,1996-12-26,www.dima.ac.kr,2026-08-01T19:45:45.673Z
0000462,동아보건대학교,본교,전문대학,전남광주,사립,고등교육법,봉석학원,기존,Donga University of Health,"전남광주통합특별시 영암군 학산면 영산로 76-57 (독천리, 동아보건대학교)",전남광주통합특별시 영암군 학산면 독천리 산 22-1,58439,1994-03-11,www.duh.ac.kr,2026-08-01T19:45:45.673Z
0000463,동양미래대학교,본교,전문대학,서울,사립,고등교육법,동양학원,기존,Dongyang Mirae University,"서울특별시 구로구 경인로 445 (고척동, 동양미래대학)",서울특별시 구로구 고척동 62-160,08221,1965-04-21,www.dongyang.ac.kr/,2026-08-01T19:45:45.673Z
0000465,동원대학교,본교,전문대학,경기,사립,고등교육법,동원학원,기존,Tongwon University,"경기도 광주시 곤지암읍 경충대로 26 (신촌리, 동원대학)",경기도 광주시 곤지암읍 신촌리 산 1-1,12813,1995-12-27,www.tw.ac.kr,2026-08-01T19:45:45.673Z
0000466,동의과학대학교,본교,전문대학,부산,사립,고등교육법,동의학원,기존,Dong-Eui Institute of Technology,"부산광역시 부산진구 양지로 54 (양정동, 동의과학대학)",부산광역시 부산진구 양정동 429-19,47230,1972-12-14,www.dit.ac.kr,2026-08-01T19:45:45.673Z
0000467,부산보건대학교,본교,전문대학,부산,사립,고등교육법,석파학원,기존,Busan Health University,"부산광역시 사하구 사리로55번길 16 (괴정동, 동주대학)",부산광역시 사하구 괴정동 220-59,49318,1978-02-16,www.bhu.ac.kr/,2026-08-01T19:45:45.673Z
0000469,두원공과대학교,본교,전문대학,경기,사립,고등교육법,두원학원,기존,Doowon Technical University,"경기도 안성시 죽산면 관음당길 51 (장원리, 두원공과대학교)",경기도 안성시 죽산면 장원리 709,17520,1994-03-01,www.doowon.ac.kr,2026-08-01T19:45:45.673Z
0000470,마산대학교,본교,전문대학,경남,사립,고등교육법,문화교육원,기존,Masan University,"경상남도 창원시 마산회원구 내서읍 함마대로 2640 (용담리, 마산대학)",경상남도 창원시 마산회원구 내서읍 용담리 181-1,51217,1956-05-30,www.masan.ac.kr,2026-08-01T19:45:45.673Z
0000473,명지전문대학,본교,전문대학,서울,사립,고등교육법,명지학원,기존,Myongji College,"서울특별시 서대문구 가좌로 134 (홍은동, 명지전문대학)",서울특별시 서대문구 홍은동 323-15,03656,1974-03-09,www.mjc.ac.kr,2026-08-01T19:45:45.673Z
0000474,목포과학대학교,본교,전문대학,전남광주,사립,고등교육법,영신학원,기존,Mokpo Science University,"전남광주통합특별시 목포시 영산로 413-1 (상동, 목포과학대학)",전남광주통합특별시 목포시 용해동 273-13,58644,1976-03-10,www.msu.ac.kr,2026-08-01T19:45:45.673Z
0000475,문경대학교,본교,전문대학,경북,사립,고등교육법,남북학원,기존,Munkyung College,경상북도 문경시 호계면 대학길 161 (별암리),경상북도 문경시 호계면 별암리 730,36930,1995-12-27,www.mkc.ac.kr,2026-08-01T19:45:45.673Z
0000476,배화여자대학교,본교,전문대학,서울,사립,고등교육법,배화학원,기존,Baewha Women'S University,"서울특별시 종로구 필운대로1길 34 (필운동, 배화여자대학)",서울특별시 종로구 누하동 149,03039,1978-03-02,www.baewha.ac.kr,2026-08-01T19:45:45.673Z
0000477,백제예술대학교,본교,전문대학,전북,사립,고등교육법,백암학원,기존,Paekche Institute Of The Arts,"전라북도 완주군 봉동읍 백제대학로 171 (제내리, 백제예술대학)",전북특별자치도 완주군 봉동읍 제내리 1234,55313,1991-11-30,www.paekche.ac.kr,2026-08-01T19:45:45.673Z
0000479,부산경상대학교,본교,전문대학,부산,사립,고등교육법,화신학원,기존,Busan Kyungsang College,"부산광역시 연제구 고분로 170 (연산동, 부산경상대학)",부산광역시 연제구 연산동 277-4,47583,1979-11-15,www.bsks.ac.kr,2026-08-01T19:45:45.673Z
0000480,부산여자대학교,본교,전문대학,부산,사립,고등교육법,혜화학원(전문),기존,Busanwomenscollege,"부산광역시 부산진구 진남로 506 (양정동, 부산여자대학)",부산광역시 부산진구 양정동 74-161,47228,1979-01-01,www.bwc.ac.kr,2026-08-01T19:45:45.673Z
0000481,부산과학기술대학교,본교,전문대학,부산,사립,고등교육법,중앙학원,기존,Busan Institute Of Science And Technology,"부산광역시 북구 시랑로132번길 88 (구포동, 부산과학기술대학교)",부산광역시 북구 구포동 870,46639,1976-12-31,bist.ac.kr,2026-08-01T19:45:45.673Z
0000482,부천대학교,본교,전문대학,경기,사립,고등교육법,한길학원,기존,Bucheon University,"경기도 부천시 원미구 신흥로56번길 25 (심곡동, 부천대학)",경기도 부천시 원미구 심곡동 424,14632,1979-03-08,www.bc.ac.kr,2026-08-01T19:45:45.673Z
0000483,삼육보건대학교,본교,전문대학,서울,사립,고등교육법,삼육학원,기존,Sahmyook Health University,"서울특별시 동대문구 망우로 82 (휘경동, 삼육보건대학) 삼육보건대학교",서울특별시 동대문구 휘경동 29-1,02500,1936-04-01,www.shu.ac.kr,2026-08-01T19:45:45.673Z
0000485,상지영서대학교,본교,전문대학,강원,사립,고등교육법,상지학원,폐교,Sangji Youngseo College,강원특별자치도 원주시 상지대길 83 (우산동),강원특별자치도 원주시 우산동 738,26339,1973-03-10,www.sy.ac.kr,2026-08-01T19:45:45.673Z
0000489,서울예술대학교,본교,전문대학,경기,사립,고등교육법,동랑예술원,기존,Seoul Institute Of The Arts,"경기도 안산시 단원구 예술대학로 171 (고잔동, 서울예술대학)",경기도 안산시 단원구 고잔동 640-1,15263,1962-04-12,www.seoularts.ac.kr,2026-08-01T19:45:45.673Z
0000490,서일대학교,본교,전문대학,서울,사립,고등교육법,세방학원,기존,Seoil University,서울특별시 중랑구 용마산로90길 28 (면목동),서울특별시 중랑구 면목동 49-3,02192,1974-12-21,www.seoil.ac.kr,2026-08-01T19:45:45.673Z
0000493,성심외국어대학,본교,전문대학,부산,사립,고등교육법,성심학원,폐교,Sungsim College Of Foreign Languages,"부산광역시 해운대구 반송순환로 142 (반송동, 영산대학교부산캠퍼스)",부산광역시 해운대구 반송동 248,48015,1982-12-10,www.sungsim.ac.kr,2026-08-01T19:45:45.673Z
0000496,수원여자대학교,본교,전문대학,경기,사립,고등교육법,수원인제학원,기존,Suwon Women'S University,"경기도 수원시 권선구 온정로 72 (오목천동, 수원여자대학)",경기도 수원시 권선구 오목천동 39-21,16632,1969-03-01,www.swc.ac.kr,2026-08-01T19:45:45.673Z
0000497,수원과학대학교,본교,전문대학,경기,사립,고등교육법,고운학원,기존,Suwon Science College,"경기도 화성시 정남면 세자로 288 (보통리, 수원과학대학)",경기도 화성시 효행구 정남면 보통리 141-44,18516,1978-03-01,www.ssc.ac.kr,2026-08-01T19:45:45.673Z
0000498,순천제일대학교,본교,전문대학,전남광주,사립,고등교육법,순천성심학원,기존,Suncheon Jeil College,"전남광주통합특별시 순천시 제일대학길 17 (덕월동, 순천제일대학)",전남광주통합특별시 순천시 덕월동 535,57997,1979-03-01,www.suncheon.ac.kr,2026-08-01T19:45:45.673Z
0000500,숭의여자대학교,본교,전문대학,서울,사립,고등교육법,숭의학원,기존,Soongeui Women's University,"서울특별시 중구 소파로2길 10 (예장동, 숭의여자대학)",서울특별시 중구 예장동 8-3,04628,1903-10-31,www.sewu.ac.kr,2026-08-01T19:45:45.673Z
0000501,신구대학교,본교,전문대학,경기,사립,고등교육법,신구학원,기존,Shingu College,"경기도 성남시 중원구 광명로 377 (금광동, 신구대학)",경기도 성남시 중원구 금광동 2685,13174,1973-12-19,www.shingu.ac.kr,2026-08-01T19:45:45.673Z
0000502,신성대학교,본교,전문대학,충남,사립,고등교육법,태촌학원,기존,Shinsung University,"충청남도 당진시 정미면 대학로 1 (덕마리, 신성대학교)",충청남도 당진시 정미면 덕마리 230-2,31801,1995-03-01,www.shinsung.ac.kr,2026-08-01T19:45:45.673Z
0000506,신안산대학교,본교,전문대학,경기,사립,고등교육법,순효학원,기존,Shin Ansan University,"경기도 안산시 단원구 신안산대학로 135 (초지동, 신안산대학교)",경기도 안산시 단원구 초지동 671,15435,1994-04-30,www.sau.ac.kr,2026-08-01T19:45:45.673Z
0000507,안산대학교,본교,전문대학,경기,사립,고등교육법,새빛학원,기존,Ansan University,"경기도 안산시 상록구 안산대학로 155 (일동, 안산대학교)",경기도 안산시 상록구 일동 752,15328,1973-03-01,www.ansan.ac.kr,2026-08-01T19:45:45.673Z
0000509,동원과학기술대학교,본교,전문대학,경남,사립,고등교육법,동원교육재단,기존,Dongwon Institute Of Science And Technology,"경상남도 양산시 명곡로 321 (명곡동, 동원과학기술대학교)",경상남도 양산시 명곡동 922-2,50578,1991-03-18,www.dist.ac.kr,2026-08-01T19:45:45.673Z
0000510,여주대학교,본교,전문대학,경기,사립,고등교육법,동신교육재단,기존,Yeoju Institute Of Technology,"경기도 여주시 세종로 338 (교동, 여주대학교)",경기도 여주시 교동 454-4,12652,1993-03-01,www.yit.ac.kr,2026-08-01T19:45:45.673Z
0000512,연암대학교,본교,전문대학,충남,사립,고등교육법,엘지연암학원,기존,Yonam College,"충청남도 천안시 서북구 성환읍 연암로 313 (수향리, 천안연암대학)",충청남도 천안시 서북구 성환읍 수향리 95-3,31005,1977-01-19,www.yonam.ac.kr,2026-08-01T19:45:45.673Z
0000513,영남이공대학교,본교,전문대학,대구,사립,고등교육법,영남학원,기존,Yeungnam University College,"대구광역시 남구 현충로 170 (대명동, 영남이공대학)",대구광역시 남구 대명동 322,42415,1968-02-15,www.ync.ac.kr,2026-08-01T19:45:45.673Z
0000514,강릉영동대학교,본교,전문대학,강원,사립,고등교육법,현송학원,기존,Gangneung Yeongdong University,강원특별자치도 강릉시 공제로 357 (홍제동),강원특별자치도 강릉시 홍제동 1009,25521,1983-06-01,www.gyu.ac.kr,2026-08-01T19:45:45.673Z
0000515,세경대학교,본교,전문대학,강원,사립,고등교육법,세경학원,기존,Saekyung University,강원특별자치도 영월군 영월읍 하송로 197,강원특별자치도 영월군 영월읍 하송리 산 57,26239,1993-11-18,www.saekyung.ac.kr,2026-08-01T19:45:45.673Z
0000517,영진전문대학교,본교,전문대학,대구,사립,고등교육법,영진교육재단,기존,Yeungjin University,"대구광역시 북구 복현로 35 (복현동, 영진전문대학)",대구광역시 북구 복현동 218,41527,1977-03-12,www.yju.ac.kr,2026-08-01T19:45:45.673Z
0000520,용인예술과학대학교,본교,전문대학,경기,사립,고등교육법,송담학원,기존,Yong-In Arts & Science University,"경기도 용인시 처인구 동부로 61 (마평동, 용인송담대학교)",경기도 용인시 처인구 마평동 961,17145,1994-11-17,www.ysc.ac.kr,2026-08-01T19:45:45.673Z
0000521,울산과학대학교,본교,전문대학,울산,사립,고등교육법,울산공업학원,기존,Ulsan College,"울산광역시 동구 봉수로 101 (화정동, 울산과학대학동부캠퍼스)",울산광역시 동구 화정동 74,44022,1972-12-14,www.uc.ac.kr,2026-08-01T19:45:45.673Z
0000522,한국영상대학교,본교,전문대학,세종,사립,고등교육법,인산학원,기존,Korea University Of Media Arts,"세종특별자치시 장군면 대학길 300 (금암리, 한국영상대학)",세종특별자치시  장군면 금암리 180-1,30056,1992-12-11,www.pro.ac.kr,2026-08-01T19:45:45.673Z
0000523,원광보건대학교,본교,전문대학,전북,사립,고등교육법,원광학원,폐교,Wonkwang Health Science University,"전라북도 익산시 익산대로 514 (신용동, 원광보건대학)",전북특별자치도 익산시 신용동 345-13,54538,1976-01-24,www.wu.ac.kr,2026-08-01T19:45:45.673Z
0000524,유한대학교,본교,전문대학,경기,사립,고등교육법,유한학원,기존,Yuhan University,"경기도 부천시 소사구 경인로 590 (괴안동, 유한대학)",경기도 부천시 소사구 괴안동 185-34,14780,1978-03-18,www.yuhan.ac.kr,2026-08-01T19:45:45.673Z
0000525,인덕대학교,본교,전문대학,서울,사립,고등교육법,인덕학원,기존,Induk University,"서울특별시 노원구 초안산로 12 (월계동, 인덕대학)",서울특별시 노원구 월계동 648-7,01878,1971-12-23,www.induk.ac.kr,2026-08-01T19:45:45.673Z
0000527,장안대학교,본교,전문대학,경기,사립,고등교육법,서림학원,기존,Jangan College,"경기도 화성시 봉담읍 삼천병마로 1182 (상리, 장안대학)",경기도 화성시 효행구 봉담읍 상리 460,18331,1979-03-10,www.jangan.ac.kr,2026-08-01T19:45:45.673Z
0000529,전남과학대학교,본교,전문대학,전남광주,사립,고등교육법,우암학원,기존,Chunnam Techno University,전남광주통합특별시 곡성군 옥과면 대학로 113 (옥과리),전남광주통합특별시 곡성군 옥과면 옥과리 285,57500,1990-12-19,www.cntu.ac.kr,2026-08-01T19:45:45.673Z
0000530,전주비전대학교,본교,전문대학,전북,사립,고등교육법,신동아학원,기존,Vision College Of Jeonju,"전라북도 전주시 완산구 천잠로 235 (효자동2가, 전주비전대학)",전북특별자치도 전주시 완산구 효자동2가 1070,55069,1976-01-24,www.jvision.ac.kr,2026-08-01T19:45:45.673Z
0000531,전북과학대학교,본교,전문대학,전북,사립,고등교육법,전북과학대학교,기존,Jeonbuk Science College,전북특별자치도 정읍시 정읍사로 509 (시기동),전북특별자치도 정읍시 신월동 산 31-4,56204,1994-11-17,www.jbsc.ac.kr,2026-08-01T19:45:45.673Z
0000532,제주관광대학교,본교,전문대학,제주,사립,고등교육법,제주교육학원,기존,Jeju Tourism University,"제주특별자치도 제주시 애월읍 평화로 2715 (광령리, 제주관광대학)",제주특별자치도 제주시 애월읍 광령리 2615,63063,1992-12-11,www.jtu.ac.kr,2026-08-01T19:45:45.673Z
0000534,조선이공대학교,본교,전문대학,전남광주,사립,고등교육법,조선대학교,기존,Chosun College Of Science & Technoloy,전남광주통합특별시 동구 조선이공대길 11(서석동) 조선이공대학교,전남광주통합특별시 동구 서석동 240,61453,1963-01-28,www.cst.ac.kr,2026-08-01T19:45:45.673Z
0000536,충북보건과학대학교,본교,전문대학,충북,사립,고등교육법,주성학원,기존,Chungbuk Health And Science University,"충청북도 청주시 청원구 내수읍 덕암길 10 (덕암리, 충북보건과학대학교)",충청북도 청주시 청원구 내수읍 덕암리 669,28150,1992-03-12,www.chsu.ac.kr,2026-08-01T19:45:45.673Z
0000539,진주보건대학교,본교,전문대학,경남,사립,고등교육법,한가람학원,기존,Jinju Health College,"경상남도 진주시 의병로 51 (상봉동, 진주보건대학)",경상남도 진주시 유곡동 160,52655,1971-12-23,www.jhc.ac.kr,2026-08-01T19:45:45.673Z
0000541,창신대학,본교,전문대학,경남,사립,고등교육법,창신대학,폐교,Changshin College,"경상남도 창원시 마산회원구 팔용로 262 (합성동, 창신대학)",경상남도 창원시 마산회원구 합성동 1,51352,1991-03-07,www.csc.ac.kr,2026-08-01T19:45:45.673Z
0000542,창원문성대학교,본교,전문대학,경남,사립,고등교육법,문성학원,기존,Changwon Moonsung University,경상남도 창원시 성산구 충혼로 91(두대동),경상남도 창원시 성산구 두대동 산 65-8,51410,1978-12-28,www.cmu.ac.kr,2026-08-01T19:45:45.673Z
0000543,백석문화대학교,본교,전문대학,충남,사립,고등교육법,천안백석학원,기존,Baekseok Culture University,충청남도 천안시 동남구 백석대학로 1 (안서동),충청남도 천안시 동남구 안서동 115,31065,1994-03-01,www.bscu.ac.kr,2026-08-01T19:45:45.673Z
0000544,청강문화산업대학교,본교,전문대학,경기,사립,고등교육법,청강학원,기존,Chungkang College Of Cultural Industries,"경기도 이천시 마장면 청강가창로 389-94 (해월리, 청강문화산업대학)",경기도 이천시 마장면 해월리 33,17390,1996-03-08,www.ck.ac.kr,2026-08-01T19:45:45.673Z
0000545,춘해보건대학교,본교,전문대학,울산,사립,고등교육법,춘해학원,기존,CHOONHAE HEALTH SCIENCES UNIVERSITY,"울산광역시 울주군 웅촌면 대학길 9 (곡천리, 춘해보건대학)",울산광역시 울주군 웅촌면 곡천리 677,44965,1968-03-16,www.ch.ac.kr,2026-08-01T19:45:45.673Z
0000546,대덕대학교,본교,전문대학,대전,사립,고등교육법,창성학원,기존,Daeduk University,"대전광역시 유성구 가정북로 68 (장동, 대덕대학)",대전광역시 유성구 장동 48,34111,1980-12-11,www.ddu.ac.kr,2026-08-01T19:45:45.673Z
0000547,충청대학교,본교,전문대학,충북,사립,고등교육법,충청학원,기존,Chungcheong University,"충청북도 청주시 흥덕구 강내면 월곡길 38 (월곡리, 충청대학)",충청북도 청주시 흥덕구 강내면 월곡리 301-3,28171,1982-12-10,www.ok.ac.kr,2026-08-01T19:45:45.673Z
0000548,강원관광대학교,본교,전문대학,강원,사립,고등교육법,분진학원,폐교,Kangwon Tourism College,강원특별자치도 태백시 대학길 97 (황지동),강원특별자치도 태백시 황지동 441,26034,1994-11-17,www.kt.ac.kr,2026-08-01T19:45:45.673Z
0000549,국제대학교,본교,전문대학,경기,사립,고등교육법,국제대학,기존,Kookje University,"경기도 평택시 장안웃길 56 (장안동, 국제대학교)",경기도 평택시 장안동 353,17731,1997-03-01,www.kookje.ac.kr,2026-08-01T19:45:45.673Z
0000550,선린대학교,본교,전문대학,경북,사립,고등교육법,인산교육재단,기존,Sunlin  University,경상북도 포항시 북구 흥해읍 선린대길 30 선린대학교,경상북도 포항시 북구 흥해읍 초곡리 산 38-34,37560,1969-03-20,www.sunlin.ac.kr,2026-08-01T19:45:45.673Z
0000553,한림성심대학교,본교,전문대학,강원,사립,고등교육법,일송학원,기존,Hallym Polytechnic University,강원특별자치도 춘천시 동면 장학길 48,강원특별자치도 춘천시 동면 장학리 산 37-17,24210,1939-04-01,www.hsc.ac.kr,2026-08-01T19:45:45.673Z
0000554,한양여자대학교,본교,전문대학,서울,사립,고등교육법,한양학원,기존,Hanyang Women's University,"서울특별시 성동구 살곶이길 200 (사근동, 한양여자대학)",서울특별시 성동구 사근동 110,04763,1974-12-20,www.hywoman.ac.kr,2026-08-01T19:45:45.673Z
0000555,한영대학교,본교,전문대학,전남광주,사립,고등교육법,봉헌학원,기존,Hanyeong University,"전남광주통합특별시 여수시 장군산길 18-43 (여서동, 한영대학)",전남광주통합특별시 여수시 여서동 61,59720,1992-12-11,www.hanyeong.ac.kr,2026-08-01T19:45:45.673Z
0000556,혜전대학교,본교,전문대학,충남,사립,고등교육법,혜전학원,기존,Hyejeon University,충청남도 홍성군 홍성읍 대학1길 19,충청남도 홍성군 홍성읍 남장리 392-1,32244,1981-12-10,www.hj.ac.kr,2026-08-01T19:45:45.673Z
0000560,경기과학기술대학교,본교,전문대학,경기,사립,고등교육법,한국산업기술대학,기존,Gyeonggi University Of Science And Technology,"경기도 시흥시 경기과기대로 269 (정왕동, 경기과학기술대학교)",경기도 시흥시 정왕동 2121-3,15073,1998-11-28,www.gtec.ac.kr,2026-08-01T19:45:45.673Z
0000561,부산예술대학교,본교,전문대학,부산,사립,고등교육법,원곡학원,기존,Busan Arts College,"부산광역시 남구 못골번영로71번길 74 (대연동, 부산예술대학)",부산광역시 남구 대연동 1552,48429,1993-11-18,www.busanarts.ac.kr,2026-08-01T19:45:45.673Z
0000562,전남도립대학교,본교,전문대학,전남광주,공립,고등교육법,해당없음,폐교,Jeonnam State University,"전남광주통합특별시 담양군 담양읍 죽녹원로 152 (향교리, 전남도립대학)",전남광주통합특별시 담양군 담양읍 향교리 262-2,57337,1998-03-13,www.dorip.ac.kr,2026-08-01T19:45:45.673Z
0000564,송호대학교,본교,전문대학,강원,사립,고등교육법,송호학원,기존,Songho University,강원특별자치도 횡성군 횡성읍 남산로 210,강원특별자치도 횡성군 횡성읍 남산리 69-1,25242,1999-12-20,www.songho.ac.kr,2026-08-01T19:45:45.673Z
0000565,한국관광대학교,본교,전문대학,경기,사립,고등교육법,거영학원,기존,Korea Tourism College,"경기도 이천시 신둔면 이장로311번길 197-73 (고척리, 한국관광대학)",경기도 이천시 신둔면 고척리 363-10,17306,2001-01-22,www.ktc.ac.kr,2026-08-01T19:45:45.673Z
0000566,서정대학교,본교,전문대학,경기,사립,고등교육법,서정학원,기존,Seojeong University,경기도 양주시 은현면 서정로 27,경기도 양주시 은현면 용암리 681-1,11429,2002-11-19,www.seojeong.ac.kr,2026-08-01T19:45:45.673Z
0000567,송곡대학교,본교,전문대학,강원,사립,고등교육법,송곡학원,기존,Songgok University,강원특별자치도 춘천시 남산면 송곡대학길 34,강원특별자치도 춘천시 남산면 창촌리 1,24465,2002-11-19,www.songgok.ac.kr,2026-08-01T19:45:45.673Z
0000568,웅지세무대학교,본교,전문대학,경기,사립,고등교육법,웅지학원,기존,Woongji Accounting & Tax College,"경기도 파주시 탄현면 웅지로144번길 73 (금승리, 웅지세무대학)",경기도 파주시 탄현면 금승리 536-2,10846,2004-03-01,www.wat.ac.kr,2026-08-01T19:45:45.673Z
0000569,김해대학교,본교,전문대학,경남,사립,고등교육법,영해학원,기존,Gimhae University,"경상남도 김해시 삼안로112번길 198 (삼방동, 김해대학교)",경상남도 김해시 삼방동 산 77-9,50811,2004-12-01,www.gimhae.ac.kr,2026-08-01T19:45:45.673Z
0000570,한국승강기대학교,본교,전문대학,경남,사립,고등교육법,학교법인 한국승강기대학,기존,Korea Lift College,"경상남도 거창군 거창읍 운정1길 120 (송정리, 한국승강기대학)",경상남도 거창군 거창읍 송정리 700,50141,2010-03-01,www.klc.ac.kr,2026-08-01T19:45:45.673Z
0000575,영진사이버대학교,본교,사이버대학(전문),대구,사립,고등교육법,영진교육재단,기존,YEUNGJIN CYBER UNIVERSITY,"대구광역시 북구 복현로 35 (복현동, 영진전문대학)",대구광역시 북구 복현동 218,41527,2002-03-01,www.ycu.ac.kr,2026-08-01T19:45:45.673Z
0000576,한국복지사이버대학교,본교,사이버대학(전문),경북,사립,고등교육법,이후학원,기존,Corea Welfare Cyber University,경상북도 경산시 남천면 남천로 746-10 (협석리),경상북도 경산시 남천면 협석리 140,38695,2010-09-09,www.corea.ac.kr,2026-08-01T19:45:45.673Z
0000578,한국골프과학기술대학교,본교,전문대학,강원,사립,고등교육법,학교법인 한국골프대학교,기존,Korea Golf University of Science & Technology,강원특별자치도 횡성군 우천면 하대5길 109 한국골프과학기술대학교,강원특별자치도 횡성군 우천면 하대리 281-1,25247,2011-03-01,www.kg.ac.kr,2026-08-01T19:45:45.673Z
0000579,ICT폴리텍대학,본교,기능대학,경기,사립,국민 평생 직업능력 개발법,ICT폴리텍대학,기존,ICT Polytech Institute of Korea,경기도 광주시 순암로 16-26 (역동) ICT폴리텍대학,경기도 광주시 역동 181-3,12777,2002-12-10,www.ict.ac.kr,2026-08-01T19:45:45.673Z
0000584,한국폴리텍 I 대학 서울정수캠퍼스,본교,기능대학,서울,사립,국민 평생 직업능력 개발법,한국폴리텍,기존,Seoul Jungsu Campus Of Korea PolytechnicⅠ,"서울특별시 용산구 보광로 73 (보광동, 한국폴리텍1대학서울정수캠퍼스)",서울특별시 용산구 보광동 238-2,04392,1973-02-09,www.kopo.ac.kr/jungsu/index.do,2026-08-01T19:45:45.673Z
0000585,한국폴리텍 I 대학 서울강서캠퍼스,본교,기능대학,서울,사립,국민 평생 직업능력 개발법,한국폴리텍,기존,Korea PolytechnicsⅠcollege Seoulkangseocampus,"서울특별시 강서구 우장산로10길 112 (화곡동, 한국폴리텍Ⅰ서울강서대학)",서울특별시 강서구 화곡동 산 60-1,07684,1998-03-27,kangseo.kopo.ac.kr,2026-08-01T19:45:45.673Z
0000586,한국폴리텍 I 대학 성남캠퍼스,본교,기능대학,경기,사립,국민 평생 직업능력 개발법,한국폴리텍,기존,Seong Nam Campus Of Korea PolytechnicⅠ,"경기도 성남시 수정구 수정로 398 (산성동, 한국폴리텍I대학성남캠퍼스)",경기도 성남시 수정구 산성동 4,13122,1976-12-01,seongnam.kopo.ac.kr/,2026-08-01T19:45:45.673Z
0000589,한국폴리텍 II 대학 인천캠퍼스,본교,기능대학,인천,사립,국민 평생 직업능력 개발법,한국폴리텍,기존,Incheon Campus Of Korea PolytechnicⅡ,"인천광역시 부평구 무네미로448번길 56 (구산동, 한국폴리텍Ⅱ대학)",인천광역시 부평구 구산동 39-1,21417,1994-03-01,www.kopo.ac.kr/incheon,2026-08-01T19:45:45.673Z
0000590,한국폴리텍 II 대학 남인천캠퍼스,본교,기능대학,인천,사립,국민 평생 직업능력 개발법,한국폴리텍,기존,Namincheon Campus Of Korea Polytechnin Ⅱ,"인천광역시 남구 염전로333번길 23 (주안동, 한국폴리텍Ⅱ대학(남인천캠퍼스))",,22121,2007-03-01,www.kopo.ac.kr/namincheon/index.do,2026-08-01T19:45:45.673Z
0000593,한국폴리텍 III 대학 춘천캠퍼스,본교,기능대학,강원,사립,국민 평생 직업능력 개발법,한국폴리텍,기존,Chuncheon Campus Of Korea Polytechnic,강원특별자치도 춘천시 동산면 영서로 1290-31,강원특별자치도 춘천시 동산면 원창리 70,24409,1973-10-11,www.kopo.ac.kr/chuncheon/index.do,2026-08-01T19:45:45.673Z
0000594,한국폴리텍 III 대학 강릉캠퍼스,본교,기능대학,강원,사립,국민 평생 직업능력 개발법,한국폴리텍,기존,Gangneung Campus Of Korea PolytechnicsⅢ,강원특별자치도 강릉시 남산초교길 121 (노암동) 한국폴리텍대학 강릉캠퍼스,강원특별자치도 강릉시 노암동 779,25605,2008-03-02,kopo.ac.kr/gangneung,2026-08-01T19:45:45.673Z
0000603,한국폴리텍 IV 대학 대전캠퍼스,본교,기능대학,대전,사립,국민 평생 직업능력 개발법,한국폴리텍,기존,Daejeon Campus of Korea Polytechnic IV,"대전광역시 동구 우암로 352-21 (가양동, 한국폴리텍IV대학)",대전광역시 동구 가양동 91-2,34503,2006-05-19,www.kopo.ac.kr/daejeon,2026-08-01T19:45:45.673Z
0000604,한국폴리텍 IV 대학 청주캠퍼스,본교,기능대학,충북,사립,국민 평생 직업능력 개발법,한국폴리텍,기존,Cheongju Campus Of Korea Polytechnic IV,"충청북도 청주시 흥덕구 산단로 54 (송정동, 한국폴리텍Ⅳ대학청주캠퍼스)",충청북도 청주시 흥덕구 송정동 47,28590,1977-05-06,kopo.ac.kr/cheongju,2026-08-01T19:45:45.673Z
0000606,한국폴리텍 IV 대학 아산캠퍼스,본교,기능대학,충남,사립,국민 평생 직업능력 개발법,한국폴리텍,기존,Asan Campus Of Korea Polytechnic IV,"충청남도 아산시 신창면 행목로 45 (행목리, 한국폴리텍Ⅳ대학아산캠퍼스)",충청남도 아산시 신창면 행목리 323,31533,2002-03-02,kopo.ac.kr/asan,2026-08-01T19:45:45.673Z
0000607,한국폴리텍 IV 대학 충남캠퍼스,본교,기능대학,충남,사립,국민 평생 직업능력 개발법,한국폴리텍,기존,Chungnam Campus Of Korea Polytechnics,충청남도 홍성군 홍성읍 충서로 1200 한국폴리텍대학 충남캠퍼스,충청남도 홍성군 홍성읍 남장리 220-1,32244,2006-05-19,www.kopo.ac.kr/chungnam,2026-08-01T19:45:45.673Z
0000616,한국폴리텍 V 대학 광주캠퍼스,본교,기능대학,전남광주,사립,국민 평생 직업능력 개발법,한국폴리텍,기존,Gwangju Campus Of Korea Polytechnic V,"전남광주통합특별시 북구 하서로 85 (운암동, 한국폴리텍V대학)",전남광주통합특별시 북구 운암동 237-35,61099,1994-07-01,www.kopo.ac.kr/gwangju,2026-08-01T19:45:45.673Z
0000617,한국폴리텍 V 대학 전북캠퍼스,본교,기능대학,전북,사립,국민 평생 직업능력 개발법,한국폴리텍,기존,Jeounbuk Campus Of Korea Polytechnics,"전라북도 김제시 백학제길 154 (백학동, 한국폴리텍V대학)",전북특별자치도 김제시 백학동 84,54352,1995-03-02,www.kopo.ac.kr/jb/index.do,2026-08-01T19:45:45.673Z
0000619,한국폴리텍 V 대학 전남캠퍼스,본교,기능대학,전남광주,사립,국민 평생 직업능력 개발법,한국폴리텍,기존,Jeonnam Campus Of Korea Polytechnic V College,전남광주통합특별시 무안군 청계면 영산로 1854-16 한국폴리텍V대학 전남캠퍼스,전남광주통합특별시 무안군 청계면 상마리 14-1,58542,1996-03-01,www.kopo.ac.kr/jeonnam,2026-08-01T19:45:45.673Z
0000620,한국폴리텍 V 대학 익산캠퍼스,본교,기능대학,전북,사립,국민 평생 직업능력 개발법,한국폴리텍,기존,Iksan Campus Of Korea Polytechnic V,"전라북도 익산시 선화로 579 (어양동, 한국폴리텍V대학)",전북특별자치도 익산시 어양동 16,54567,2008-03-02,www.kopo.ac.kr/iksan,2026-08-01T19:45:45.673Z
0000623,한국폴리텍 VI 대학 대구캠퍼스,본교,기능대학,대구,사립,국민 평생 직업능력 개발법,한국폴리텍,기존,Daegu Campus Of Korea Polytechnic Vi,"대구광역시 서구 국채보상로43길 15 (평리동, 한국폴리텍6대학)",대구광역시 서구 평리동 1495,41765,1973-01-01,daegu.kopo.ac.kr,2026-08-01T19:45:45.673Z
0000624,한국폴리텍 VI 대학 구미캠퍼스,본교,기능대학,경북,사립,국민 평생 직업능력 개발법,한국폴리텍,기존,Gumi Campus Of Korea Polytechnic Vi,"경상북도 구미시 수출대로3길 84 (공단동, 한국폴리텍ⅵ대학구미캠퍼스)",경상북도 구미시 공단동 112,39257,1977-05-06,kopo.ac.kr/gumi,2026-08-01T19:45:45.673Z
0000631,한국폴리텍 VII 대학 창원캠퍼스,본교,기능대학,경남,사립,국민 평생 직업능력 개발법,한국폴리텍,기존,Korea Polytechnic Vii,"경상남도 창원시 성산구 외동반림로 51-88 (중앙동, 한국폴리텍VII대학)",경상남도 창원시 성산구 중앙동 110-1,51518,1977-11-19,changwon.kopo.ac.kr,2026-08-01T19:45:45.673Z
0000632,한국폴리텍 VII 대학 부산캠퍼스,본교,기능대학,부산,사립,국민 평생 직업능력 개발법,한국폴리텍,기존,Busan Campus Of Korea Polytechnic Ⅶ,"부산광역시 북구 만덕대로155번길 99 (덕천동, 한국폴리텍VII대학부산캠퍼스)",부산광역시 북구 덕천동 22,46550,1978-04-10,www.kopo.ac.kr/busan,2026-08-01T19:45:45.673Z
0000633,한국폴리텍 VII 대학 울산캠퍼스,본교,기능대학,울산,사립,국민 평생 직업능력 개발법,한국폴리텍,기존,Ulsan Campus Of Korea Polytechnic,"울산광역시 중구 산전길 155 (동동, 한국폴리텍7대학울산캠퍼스)",울산광역시 중구 동동 81-15,44482,2000-01-01,kopo.ac.kr/ulsan,2026-08-01T19:45:45.673Z
0000635,한국폴리텍 특성화대학 바이오캠퍼스,본교,기능대학,충남,사립,국민 평생 직업능력 개발법,한국폴리텍,기존,Bio Campus Of Korea Polytechnic,충청남도 논산시 강경읍 동안로112번길 48,충청남도 논산시 강경읍 채운리 315-1,32943,2006-03-01,kopo.ac.kr/bio,2026-08-01T19:45:45.673Z
0000636,한국폴리텍 VI 대학 영남융합기술캠퍼스,본교,기능대학,대구,사립,국민 평생 직업능력 개발법,한국폴리텍,기존,Yeongnam Convergence Technology Campus Of Korea Polytechnic,대구광역시 동구 팔공로 222(봉무동),대구광역시 동구 봉무동 1558,41027,1998-02-05,kopo.ac.kr/yct,2026-08-01T19:45:45.673Z
0000637,한국폴리텍 특성화대학 반도체융합캠퍼스,본교,기능대학,경기,사립,국민 평생 직업능력 개발법,한국폴리텍,기존,Semiconductor Covergence Of Korea Polytechnic,경기도 안성시 공도읍 송원길 41-12,경기도 안성시 공도읍 만정리 349-6,17550,1996-10-25,www.kopo.ac.kr/semi,2026-08-01T19:45:45.673Z
0000638,한국폴리텍 특성화대학 항공캠퍼스,본교,기능대학,경남,사립,국민 평생 직업능력 개발법,한국폴리텍,기존,Aviation Campus Of Korea Polytechnic,"경상남도 사천시 대학길 46 (이금동, 한국폴리텍항공대학)",경상남도 사천시 이금동 438,52549,2000-11-30,www.kopo.ac.kr/kapc,2026-08-01T19:45:45.673Z
0000640,한국개발연구원국제정책대학원대학교,본교,전문대학원,세종,사립,고등교육법,한국개발연구원,기존,KDI School Of Public Policy And Management,"세종특별자치시 남세종로 263 (반곡동, 한국개발연구원)",세종특별자치시  반곡동 1042,30149,1997-12-05,www.kdischool.ac.kr,2026-08-01T19:45:45.673Z
0000641,대한신학대학원대학교,본교,전문대학원,경기,사립,고등교육법,대한신학대학원,기존,Daehan Theological Semisary&University,경기도 안양시 만안구 경수대로1406번길 30 (석수동),경기도 안양시 만안구 석수동 381-1,13907,1998-03-02,www.dtu.ac.kr,2026-08-01T19:45:45.673Z
0000642,베뢰아국제대학원대학교,본교,전문대학원,서울,사립,고등교육법,베뢰아아카데미학원,기존,Berea International Theological Seminary,"서울특별시 영등포구 가마산로 359 (대림동, 베뢰아대학원대학교)",서울특별시 영등포구 대림동 665-10,07381,1998-03-01,www.berea.ac.kr,2026-08-01T19:45:45.673Z
0000643,건신대학원대학교,본교,전문대학원,대전,사립,고등교육법,복음신학원,기존,Asia Life University,대전광역시 중구 동서대로1327번길 40 (용두동) 건신대학원대학교,대전광역시 중구 용두동 128-1,34825,1998-03-12,www.alu.ac.kr,2026-08-01T19:45:45.673Z
0000644,성산효대학원대학교,본교,전문대학원,인천,사립,고등교육법,성산효교육재단,기존,Sungsan Hyo University,"인천광역시 남동구 석정로 543 (간석동, 성산효대학원대학교)",인천광역시 남동구 간석동 614-6,21503,1997-12-05,www.hyo.ac.kr,2026-08-01T19:45:45.673Z
0000645,원불교대학원대학교,본교,전문대학원,전북,사립,고등교육법,원불교대학원,기존,Won-Buddhism Graduate School,"전라북도 익산시 익산대로33길 23 (신용동, 원불교대학원대학교)",전북특별자치도 익산시 신용동 320-1,54536,1997-09-11,www.wonbuddhism.ac.kr,2026-08-01T19:45:45.673Z
0000646,웨스트민스터신학대학원대학교,본교,전문대학원,경기,사립,고등교육법,웨스트민스터신학원,기존,Westminster Graduate School Of Theology,"경기도 용인시 기흥구 동백죽전대로 201-11 (중동, 웨스트민스터신학대학교)",경기도 용인시 기흥구 중동 38-1,16995,1997-09-11,www.wgst.ac.kr/wgst_renew/,2026-08-01T19:45:45.673Z
0000647,합동신학대학원대학교,본교,전문대학원,경기,사립,고등교육법,자유학원,기존,Hapdong Theological Seminary,"경기도 수원시 영통구 광교중앙로 50 (원천동, 합동신학대학원대학교)",경기도 수원시 영통구 원천동 49-16,16517,1996-12-11,www.hapdong.ac.kr,2026-08-01T19:45:45.673Z
0000648,횃불트리니티신학대학원대학교,본교,전문대학원,서울,사립,고등교육법,횃불학원,기존,Torch Trinity Graduate University,"서울특별시 서초구 바우뫼로31길 70 (양재동, 횃불트리니티신학대학원대학교)",서울특별시 서초구 양재동 55,06752,1997-12-05,www.ttgu.ac.kr,2026-08-01T19:45:45.673Z
0000649,수도국제대학원대학교,본교,전문대학원,서울,사립,고등교육법,국제학원,기존,SUDO INTERNATIONAL UNIVERSITY,서울특별시 관악구 남부순환로 1548(신림동) 수도국제대학원대학교,서울특별시 관악구 신림동 1577-5,08773,1999-03-09,www.siu.ac.kr,2026-08-01T19:45:45.673Z
0000650,서울성경신학대학원대학교,본교,전문대학원,서울,사립,고등교육법,순장학원,기존,Seoul University of Bible and Theology,"서울특별시 동작구 신대방14가길 45-1 (신대방동, 서울성경신학대학교)",서울특별시 동작구 신대방동 632-57,07066,1999-02-22,www.sb.ac.kr,2026-08-01T19:45:45.673Z
0000651,예명대학원대학교,본교,전문대학원,서울,사립,고등교육법,레마학원,기존,Yemyung Graduate University,서울특별시 서초구 남부순환로337가길 49 (서초동),서울특별시 서초구 서초동 1434-4,06723,1999-07-01,www.ygu.ac.kr,2026-08-01T19:45:45.673Z
0000653,서울사회복지대학원대학교,본교,특수대학원,서울,사립,고등교육법,가곡학원,기존,Seoul Social Welfare Graduate University,서울특별시 영등포구 영신로34길 18 (영등포동4가),서울특별시 영등포구 영등포동4가 134-2,07301,1999-12-18,www.ssgu.ac.kr,2026-08-01T19:45:45.673Z
0000654,온석대학원대학교,본교,전문대학원,경기,사립,고등교육법,중앙총신학원,기존,Onseok University,"경기도 용인시 처인구 남사면 아곡로96번길 79 (아곡리, 중앙신학대학원대학교)",,17117,2000-09-04,www.osu.ac.kr,2026-08-01T19:45:45.673Z
0000655,국제법률경영대학원대학교,본교,전문대학원,경기,사립,고등교육법,국제법률경영학원,기존,Transnational Law And Business University,"경기도 고양시 덕양구 내유길 230 (내유동, 국제법률경영대학원)",경기도 고양시 덕양구 내유동 300,10264,2000-12-27,www.tlbu.ac.kr,2026-08-01T19:45:45.673Z
0000656,국제언어대학원대학교,본교,전문대학원,서울,사립,고등교육법,혁제학원,기존,International Graduate School Of Language Education,서울특별시 강동구 양재대로81길 89 (성내동),서울특별시 강동구 성내동 448-10,05407,2002-05-03,www.igse.ac.kr,2026-08-01T19:45:45.673Z
0000657,국제뇌교육종합대학원대학교,본교,전문대학원,충남,사립,고등교육법,한문화학원,기존,University Of Brain Education,"충청남도 천안시 동남구 목천읍 교천지산길 284-31 (지산리, 국제뇌교육종합대학원대학교)",충청남도 천안시 동남구 목천읍 지산리 167,31228,2002-11-16,www.ube.ac.kr,2026-08-01T19:45:45.673Z
0000658,서울불교대학원대학교,본교,전문대학원,서울,사립,고등교육법,보문학원,기존,Seoul University Of Buddhism,"서울특별시 금천구 독산로70길 8 (독산동, 서울불교대학원대학교)",서울특별시 금천구 독산동 1038-2,08559,2002-05-03,www.sub.ac.kr,2026-08-01T19:45:45.673Z
0000659,서울외국어대학원대학교,본교,전문대학원,서울,사립,고등교육법,해광학원,기존,Seoul University Of Foreign Studies,"서울특별시 서초구 남부순환로356길 85 (양재동, 서울외국어대학원대학교)",서울특별시 서초구 양재동 17-7,06745,2003-03-01,www.sufs.ac.kr,2026-08-01T19:45:45.673Z
0000660,서울벤처대학원대학교,본교,전문대학원,서울,사립,고등교육법,호서학원,기존,Seoul Venture University,"서울특별시 강남구 봉은사로 405 (삼성동, 서울벤처정보대학원대학교)",서울특별시 강남구 삼성동 37-18,06097,2002-10-17,www.svu.ac.kr,2026-08-01T19:45:45.673Z
0000661,성서침례대학원대학교,본교,전문대학원,경기,사립,고등교육법,성서침례학원,기존,Bible Baptist Theological Seminary,"경기도 이천시 대월면 대평로 548-123 (장평리, 성서침례대학교)",경기도 이천시 대월면 장평리 280-5,17404,2003-03-01,www.bbts.ac.kr,2026-08-01T19:45:45.673Z
0000662,에스라성경대학원대학교,본교,전문대학원,경기,사립,고등교육법,에스라성경학원,기존,Ezra Bible Institute For Graduate Studies,"경기도 고양시 덕양구 대양로285번길 33-7 (고양동, 에스라성경대학원대학교)",경기도 고양시 덕양구 고양동 292,10273,2003-03-01,www.ezra.ac.kr,2026-08-01T19:45:45.673Z
0000663,개신대학원대학교,본교,전문대학원,서울,사립,고등교육법,종암중앙학원,기존,Reformed Graduate University,"서울특별시 강북구 도봉로 235 (미아동, 개신대학원대학교)",서울특별시 강북구 미아동 203-8,01118,2003-04-17,www.rgu.ac.kr,2026-08-01T19:45:45.673Z
0000664,과학기술연합대학원대학교,본교,전문대학원,대전,기타,기타,과학기술연합대학원대학교,기존,University of Science and Technology,"대전광역시 유성구 가정로 217 (가정동, UST)",대전광역시 유성구 가정동 176,34113,2003-10-22,www.ust.ac.kr,2026-08-01T19:45:45.673Z
0000666,서울과학종합대학원대학교,본교,전문대학원,서울,사립,고등교육법,학교법인 서울과학종합대학교,기존,aSSIST University,"서울특별시 서대문구 이화여대2길 46 (대현동, 서울아카데미빌딩)",서울특별시 서대문구 대현동 67-7,03767,2003-11-13,www.assist.ac.kr,2026-08-01T19:45:45.673Z
0000667,선학유피대학원대학교,본교,전문대학원,경기,사립,고등교육법,청심학원,기존,Sunhak Universal Peace Graduate University,경기도 가평군 설악면 미사리로 324-211 선학유피대학원대학교,경기도 가평군 설악면 송산리 1-1,12461,2003-10-22,www.sunhakup.ac.kr/,2026-08-01T19:45:45.673Z
0000668,경안대학원대학교,본교,전문대학원,경북,사립,고등교육법,경안신학원,기존,Gyeongan Graduate University,"경상북도 안동시 북후면 물한길 16-29 (물한리, 경안신학대학원대학교)",경상북도 안동시 북후면 물한리 652-10,36614,2004-10-29,www.gyeongan.ac.kr,2026-08-01T19:45:45.673Z
0000669,동방문화대학원대학교,본교,전문대학원,서울,사립,고등교육법,동방대학교,기존,Dongbang Culture University,"서울특별시 성북구 성북로28길 60 (성북동, 동방대학원대학교)",서울특별시 성북구 성북동 292-1,02838,2004-11-04,www.dongbang.ac.kr,2026-08-01T19:45:45.673Z
0000670,북한대학원대학교,본교,전문대학원,서울,사립,고등교육법,심연학원,기존,University of North Korean Studies,서울특별시 종로구 북촌로15길 2 (삼청동),서울특별시 종로구 삼청동 28-7,03053,2005-03-01,www.nk.ac.kr,2026-08-01T19:45:45.673Z
0000671,순복음대학원대학교,본교,전문대학원,서울,사립,고등교육법,순총학원,기존,Sunbokeum Theological Seminary,"서울특별시 관악구 과천대로 927 (남현동, 대한하나님의성회)",서울특별시 관악구 남현동 602-127,08808,2004-04-07,www.sts.ac.kr,2026-08-01T19:45:45.673Z
0000672,실천신학대학원대학교,본교,전문대학원,경기,사립,고등교육법,실천신학대학원,기존,Graduate School Of Practical Theology,경기도 이천시 신둔면 인배로145번길 23 실천신학대학원대학교,경기도 이천시 신둔면 인후리 9-2,17304,2005-03-01,www.gspt.ac.kr,2026-08-01T19:45:45.673Z
0000673,한림국제대학원대학교,본교,특수대학원,서울,사립,고등교육법,일송학원,기존,Hallym University Of Graduate Studies,"서울특별시 강남구 역삼로 405 (대치동, 한림국제대학원대학교제1관)",서울특별시 강남구 대치동 907-13,06198,2004-12-09,www.hugs.ac.kr,2026-08-01T19:45:45.673Z
0000676,한반도국제대학원대학교,본교,특수대학원,서울,사립,고등교육법,트리니티학원,기존,Korea University Of International Studies,"서울특별시 용산구 임정로 17 (효창동, 한반도국제대학원대학교)",서울특별시 용산구 효창동 5-357,04319,2005-12-02,www.kuis.ac.kr,2026-08-01T19:45:45.673Z
0000677,서울미디어대학원대학교,본교,특수대학원,서울,사립,고등교육법,학교법인 서울미디어대학원대학교,기존,Seoul Media Institute Of Technology,서울특별시 마포구 월드컵북로 402 (상암동),서울특별시 마포구 상암동 1601,03925,2009-03-01,www.smit.ac.kr,2026-08-01T19:45:45.673Z
0000678,서울상담심리대학원대학교,본교,전문대학원,서울,사립,고등교육법,용문학원,기존,Seoul Graduate School Of Counseling Psychology,"서울특별시 종로구 율곡로 154 (원남동, 용문빌딩)",서울특별시 종로구 원남동 150-2,03136,2009-09-01,www.sgcp.ac.kr,2026-08-01T19:45:45.673Z
0000679,한국상담대학원대학교,본교,전문대학원,서울,사립,고등교육법,우천학원,기존,Korea Counseling Graduate University,"서울특별시 서초구 효령로 366 (서초동, 한국상담대학원대학교)",서울특별시 서초구 서초동 1437-1,06722,2010-03-02,www.kcgu.ac.kr,2026-08-01T19:45:45.673Z
0000680,주안대학원대학교,본교,전문대학원,인천,사립,고등교육법,주안학원,기존,Juan International University,"인천광역시 미추홀구 석바위로74번길 11 (주안동, 주안대학원대학교)",인천광역시 미추홀구 주안동 171-2,22140,2011-03-01,www.jiu.ac.kr,2026-08-01T19:45:45.673Z
0000681,한국전력국제원자력대학원대학교,본교,전문대학원,울산,사립,고등교육법,한국전력국제원자력대학원대학교,기존,Kepco International Nuclear Graduate School,울산광역시 울주군 서생면 해맞이로 658-91 (신암리),울산광역시 울주군 서생면 신암리 1456,45014,2012-03-01,www.kings.ac.kr,2026-08-01T19:45:45.673Z
0000683,한국학대학원,본교,일반대학원,경기,특별법법인,특별법법인,한국학중앙연구원,기존,"The Graduate School of Korean Studies, The Academy of Korean Studies","경기도 성남시 분당구 하오개로 323 (운중동, 한국학중앙연구원)",경기도 성남시 분당구 운중동 490,13455,1980-03-01,grad.aks.ac.kr/index.do,2026-08-01T19:45:45.673Z
0002573,경동대학교,제2캠퍼스,대학교,강원,사립,고등교육법,경동대학교,기존,Kyungdong University,강원특별자치도 속초시 도리원길 5 (노학동),강원특별자치도 속초시 노학동 635-1,24865,2013-03-01,www.kduniv.ac.kr,2026-08-01T19:45:45.673Z
0002574,경동대학교,제3캠퍼스,대학교,강원,사립,고등교육법,경동대학교,기존,Kyungdong University,강원특별자치도 원주시 문막읍 견훤로 815,강원특별자치도 원주시 문막읍 후용리 882,26495,2013-03-01,www.kduniv.ac.kr,2026-08-01T19:45:45.673Z
0002639,강원도립대학교,본교,전문대학,강원,공립,고등교육법,해당없음,기존,Gangwon State University,강원특별자치도 강릉시 주문진읍 연주로 270,강원특별자치도 강릉시 주문진읍 교항리 48-160,25425,1998-03-17,www.gw.ac.kr,2026-08-01T19:45:45.673Z
0002640,경남정보대학교,본교,전문대학,부산,사립,고등교육법,동서학원,기존,Kyungnam College Of Information And Technology,"부산광역시 사상구 주례로 45 (주례동, 경남정보대학교)",부산광역시 사상구 주례동 166-206,47011,1971-03-01,www.kit.ac.kr,2026-08-01T19:45:45.673Z
0002641,경복대학교,본교,전문대학,경기,사립,고등교육법,학교법인 경복대학교,기존,Kyungbok University,"경기도 남양주시 진접읍 경복대로 425 (금곡리, 경복대학교)",경기도 남양주시 진접읍 금곡리 383,12051,1991-11-30,www.kbu.ac.kr,2026-08-01T19:45:45.673Z
0002642,경북전문대학교,본교,전문대학,경북,사립,고등교육법,경영교육재단,기존,Kyungbuk College,"경상북도 영주시 대학로 77 (휴천동, 경북전문대학교)",경상북도 영주시 휴천동 630,36133,1972-03-01,www.kbc.ac.kr,2026-08-01T19:45:45.673Z
0002643,계약신학대학원대학교,본교,전문대학원,경기,사립,고등교육법,계약학원,폐교,Kyeyak Graduate School Of Theology,"경기도 광주시 초월읍 진새골길 151-30 (대쌍령리, 계약신학대학원대학교)",경기도 광주시 초월읍 대쌍령리 445-21,12735,2000-03-01,www.kyeyak.ac.kr,2026-08-01T19:45:45.673Z
0002645,서라벌대학교,본교,전문대학,경북,사립,고등교육법,원석학원,폐교,Sorabol University,"경상북도 경주시 태종로 478-20 (충효동, 서라벌대학)",경상북도 경주시 충효동 444,38057,1981-01-21,home.sorabol.ac.kr/,2026-08-01T19:45:45.673Z
0002646,서영대학교,본교,전문대학,전남광주,사립,고등교육법,서강학원,기존,Seoyeong University,"전남광주통합특별시 북구 서강로 1 (운암동, 서영대학교)",전남광주통합특별시 북구 운암동 789-20,61268,1979-03-01,www.seoyeong.ac.kr,2026-08-01T19:45:45.673Z
0002647,성운대학교,본교,전문대학,경북,사립,고등교육법,학교법인 예운학원,기존,SungWoon University,경상북도 영천시 신녕면 대학길 105,경상북도 영천시 신녕면 화남리 1135-5,38801,1996-12-26,www.sw.ac.kr,2026-08-01T19:45:45.673Z
0002649,수성대학교,본교,전문대학,대구,사립,고등교육법,성요셉교육재단,기존,Suseong University,"대구광역시 수성구 달구벌대로528길 15 (만촌동, 수성대학교)",대구광역시 수성구 만촌동 산 391,42078,1973-12-19,www.sc.ac.kr,2026-08-01T19:45:45.673Z
0002650,안동과학대학교,본교,전문대학,경북,사립,고등교육법,장춘학원,기존,Andong Science College,"경상북도 안동시 서후면 서선길 189 (교리, 안동과학대학교)",경상북도 안동시 서후면 교리 496,36616,1983-03-01,www.asc.ac.kr,2026-08-01T19:45:45.673Z
0002651,연성대학교,본교,전문대학,경기,사립,고등교육법,연성학원,기존,Yeonsung University,"경기도 안양시 만안구 양화로37번길 34 (안양동, 연성대학교)",경기도 안양시 만안구 안양동 922-1,14011,1977-03-05,www.yeonsung.ac.kr,2026-08-01T19:45:45.673Z
0002652,연암공과대학교,본교,전문대학,경남,사립,고등교육법,엘지연암학원,기존,Yonam Institute Of Technology,"경남 진주시 진주대로 629번길 35(가좌동, 연암공과대학교)",경상남도 진주시 가좌동 780,52821,1984-05-09,www.yc.ac.kr,2026-08-01T19:45:45.673Z
0002653,오산대학교,본교,전문대학,경기,사립,고등교육법,오산학원,기존,Osan University,"경기도 오산시 청학로 45 (청학동, 오산대학)",경기도 오산시 청학동 17,18119,1978-05-25,www.osan.ac.kr,2026-08-01T19:45:45.673Z
0002654,인하공업전문대학,본교,전문대학,인천,사립,고등교육법,정석인하학원,기존,Inha Technical College,"인천광역시 미추홀구 인하로 100 (용현동, 인하대,인하공전,정석항공고) 인하공업전문대학",인천광역시 미추홀구 용현동 703,22212,1958-02-13,www.inhatc.ac.kr,2026-08-01T19:45:45.673Z
0002655,제주한라대학교,본교,전문대학,제주,사립,고등교육법,한라학원,기존,Cheju Halla University,"제주특별자치도 제주시 한라대학로 38 (노형동, 제주한라대학)",제주특별자치도 제주시 노형동 1534,63092,1969-03-30,www.chu.ac.kr,2026-08-01T19:45:45.673Z
0002656,청암대학교,본교,전문대학,전남광주,사립,고등교육법,청암학원,기존,Cheongam University,"전남광주통합특별시 순천시 녹색로 1641 (덕월동, 순천청암대학)",전남광주통합특별시 순천시 덕월동 340-1,57997,1954-04-01,ca.ac.kr,2026-08-01T19:45:45.673Z
0002657,충남도립대학교,본교,전문대학,충남,공립,고등교육법,해당없음,기존,Chungnam State University,"충청남도 청양군 청양읍 학사길 55 (벽천리, 충남도립대학교)",충청남도 청양군 청양읍 벽천리 89-7,33303,1998-03-19,www.cnsu.ac.kr/univ/main.do,2026-08-01T19:45:45.673Z
0002658,포항대학교,본교,전문대학,경북,사립,고등교육법,학교법인 동지학원,기존,Pohang University,경상북도 포항시 북구 흥해읍 포항대학로 7,경상북도 포항시 북구 흥해읍 죽천리 산 63,37555,1952-07-03,www.pohang.ac.kr,2026-08-01T19:45:45.673Z
0002659,한국복지대학교,본교,전문대학,경기,국립,고등교육법,해당없음,폐교,Korea National University Of Welfare,"경기도 평택시 삼남로 283 (장안동, 한국복지대학교)",,17738,2002-04-18,www.knuw.ac.kr,2026-08-01T19:45:45.673Z
0002660,인천대학교,본교,대학교,인천,국립대법인,국립대법인,국립대학법인 인천대학교,기존,Incheon National University,"인천광역시 연수구 아카데미로 119 (송도동, 인천대학교)",인천광역시 연수구 송도동 12-1,22012,1979-03-12,www.inu.ac.kr/,2026-08-01T19:45:45.673Z
0002668,제네바신학대학원대학교,본교,전문대학원,경기,사립,고등교육법,우성학원,기존,Geneva Theological Seminary,"경기도 파주시 파평면 파산서원길 64-68 (눌노리, 제네바신학대학원대학교)",경기도 파주시 파평면 눌노리 268-18,10801,2011-09-01,www.gts.ac.kr,2026-08-01T19:45:45.673Z
0002674,한국폴리텍 VI 대학 영주캠퍼스,본교,기능대학,경북,사립,국민 평생 직업능력 개발법,한국폴리텍,기존,Yeongju Campus Of Korea Polytechnic Ⅵ,"경상북도 영주시 가흥로 2 (문정동, 한국폴리텍VI대학)",경상북도 영주시 문정동 580,36142,1982-02-15,www.kopo.ac.kr/yeongju,2026-08-01T19:45:45.673Z
0002712,신한대학교,본교,대학교,경기,사립,고등교육법,학교법인 신흥학원,기존,Shinhan Unvirsity,"경기도 동두천시 벌마들로40번길 30 (상패동, 신한대학교)",경기도 동두천시 상패동 233-1,11340,2014-03-01,www.shinhan.ac.kr/,2026-08-01T19:45:45.673Z
0002726,단국대학교,제2캠퍼스,대학교,충남,사립,고등교육법,단국대학,기존,Dankook University,"충청남도 천안시 동남구 단대로 119 (안서동, 단국대학교천안캠퍼스)",충청남도 천안시 동남구 안서동 522,31116,1978-03-13,www.dankook.ac.kr,2026-08-01T19:45:45.673Z
0002744,경동대학교,제4캠퍼스,대학교,경기,사립,고등교육법,경동대학교,기존,Kyungdong University,경기도 양주시 경동대학로 27 (고암동),경기도 양주시 고암동 417-8,11458,2014-03-01,www.kduniv.ac.kr,2026-08-01T19:45:45.673Z
0002748,가야대학교(김해),본교,대학교,경남,사립,고등교육법,대구학원,기존,Kaya University,경상남도 김해시 삼계로 208 (삼계동),경상남도 김해시 삼계동 60,50830,1993-03-13,WWW.KAYA.AC.KR,2026-08-01T19:45:45.673Z
0002749,가야대학교(고령),제2캠퍼스,대학교,경북,사립,고등교육법,대구학원,기존,Kaya University,"경상북도 고령군 대가야읍 대가야로 1103 (지산리, 가야대학교)",경상북도 고령군 대가야읍 지산리 1000,40139,1993-03-13,WWW.KAYA.AC.KR,2026-08-01T19:45:45.673Z
0002800,신한대학교,제2캠퍼스,대학교,경기,사립,고등교육법,학교법인 신흥학원,기존,Shinhan University,"경기도 의정부시 호암로 95 (호원동, 신한대학교)",경기도 의정부시 호원동 117-1,11644,2014-03-01,www.shinhan.ac.kr/,2026-08-01T19:45:45.673Z
0002817,치유상담대학원대학교,본교,전문대학원,서울,사립,고등교육법,학교법인 살림동산학원,기존,Healing & Counseling Graduate University,"서울특별시 서초구 서초대로 121 (방배동, 원우빌딩)",서울특별시 서초구 방배동 877-16,06588,2014-09-01,www.hcg.ac.kr,2026-08-01T19:45:45.673Z
0002818,능인대학원대학교,본교,전문대학원,경기,사립,고등교육법,한국불교학원,기존,Nungin University,경기도 화성시 팔탄면 3.1만세로 694-57 (해창리),경기도 화성시 만세구 팔탄면 해창리 95-5,18582,2014-09-01,www.niu.ac.kr,2026-08-01T19:45:45.673Z
0002854,한국폴리텍 III 대학 원주캠퍼스,본교,기능대학,강원,사립,국민 평생 직업능력 개발법,한국폴리텍,기존,Wonju Campus Of Korea Polytechnic,강원특별자치도 원주시 북원로2425번길 73 (우산동),강원특별자치도 원주시 우산동 814-2,26406,1978-04-06,kopo.ac.kr/wonju,2026-08-01T19:45:45.673Z
0002857,구세군사관대학원대학교,본교,특수대학원,경기,사립,고등교육법,구세군학원,기존,Thesalvationarmygraduateuniversityforofficertraining,"경기도 과천시 관악산길 216 (중앙동, 구세군사관대학원대학교)",경기도 과천시 중앙동 83-2,13800,2015-03-01,www.gufot.ac.kr,2026-08-01T19:45:45.673Z
0002911,을지대학교,제3캠퍼스,대학교,경기,사립,고등교육법,을지학원,기존,Eulji University,경기도 의정부시 동일로 712 (금오동),경기도 의정부시 금오동 489,11759,1967-03-21,www.eulji.ac.kr,2026-08-01T19:45:45.673Z
0002912,한국폴리텍 I 대학 제주캠퍼스,본교,기능대학,제주,사립,국민 평생 직업능력 개발법,한국폴리텍,기존,Jeju Campus Of Korea Polytechnic,"제주특별자치도 제주시 산천단동3길 2 (아라일동, 한국폴리택대학제주캠퍼스)",제주특별자치도 제주시 아라일동 362-32,63243,1987-07-10,jeju.kopo.ac.kr,2026-08-01T19:45:45.673Z
0002928,국립암센터국제암대학원대학교,본교,전문대학원,경기,특별법법인,특별법법인,국립암센터,기존,National Cancer Center Graduate School Of Cancer Science And Policy,"경기도 고양시 일산동구 일산로 323 (마두동, 국립암센터)",경기도 고양시 일산동구 마두동 809,10408,2017-03-01,ncc-gcsp.ac.kr,2026-08-01T19:45:45.673Z
0002949,홍익대학교,제2캠퍼스,대학교,세종,사립,고등교육법,홍익학원,기존,Hongik University,"세종특별자치시 조치원읍 세종로 2639 (신안리, 홍익대학교세종캠퍼스)",세종특별자치시  조치원읍 신안리 300,30016,1946-04-25,www.hongik.ac.kr,2026-08-01T19:45:45.673Z
0002959,상명대학교,제2캠퍼스,대학교,충남,사립,고등교육법,상명학원,기존,Sangmyung University,"충청남도 천안시 동남구 상명대길 31 (안서동, 상명대학교천안캠퍼스)",충청남도 천안시 동남구 안서동 300,31066,1984-10-06,www.smuc.ac.kr,2026-08-01T19:45:45.673Z
0002971,군산간호대학교,본교,전문대학,전북,사립,고등교육법,경암학원,기존,Kunsan College Of Nursing,"전라북도 군산시 동개정길 7 (개정동, 군산간호대학교)",전북특별자치도 군산시 개정동 413-1,54068,1951-07-01,www.kcn.ac.kr,2026-08-01T19:45:45.673Z
0002972,기독간호대학교,본교,전문대학,전남광주,사립,고등교육법,광주기독병원교육재단,기존,Christian College Of Nursing,"전남광주통합특별시 남구 백서로70번길 6 (양림동, 기독간호대학)",전남광주통합특별시 남구 양림동 67-1,61662,1967-03-21,ccn.ac.kr,2026-08-01T19:45:45.673Z
0002973,서울여자간호대학교,본교,전문대학,서울,사립,고등교육법,의담학회,기존,Seoul Women'S College Of Nursing,"서울특별시 서대문구 간호대로 38 (홍제동, 서울여자간호대학교)",서울특별시 서대문구 홍제동 287-89,03617,1954-05-28,www.snjc.ac.kr,2026-08-01T19:45:45.673Z
0002974,조선간호대학교,본교,전문대학,전남광주,사립,고등교육법,조선대학교,기존,Chosun Nursing College,전남광주통합특별시 동구 조선대2길 70(서석동) 조선간호대학교,전남광주통합특별시 동구 서석동 280,61453,1971-12-23,www.cnc.ac.kr,2026-08-01T19:45:45.673Z
0002975,한국폴리텍 V 대학 순천캠퍼스,본교,기능대학,전남광주,사립,국민 평생 직업능력 개발법,한국폴리텍,기존,Suncheon Campus Of Korea Polytechnic V,"전남광주통합특별시 순천시 기적의도서관1길 41 (조례동, 한국폴리텍대학순천캠퍼스)",전남광주통합특별시 순천시 조례동 435-6,57975,1977-05-20,kopo.ac.kr/suncheon,2026-08-01T19:45:45.673Z
0003019,한국농수산대학교,본교,전문대학,전북,특별법국립,개별설치령에 의한 국립학교,해당없음,기존,Korea National University Of Agriculture And Fisheries,전라북도 전주시 덕진구 콩쥐팥쥐로 1515(중동),전북특별자치도 전주시 덕진구 중동 837,54874,1997-03-20,www.af.ac.kr,2026-08-01T19:45:45.673Z
0003022,한국전통문화대학교,본교,대학교,충남,특별법국립,특별법국립,해당없음,기존,Korea National University Of Heritage,"충청남도 부여군 규암면 백제문로 367 (합정리, 한국전통문화대학교)",충청남도 부여군 규암면 합정리 619,33115,2000-04-19,www.knuh.ac.kr,2026-08-01T19:45:45.673Z
0003104,한국폴리텍 특성화대학 로봇캠퍼스,본교,기능대학,경북,사립,국민 평생 직업능력 개발법,한국폴리텍,기존,robot campus of korea polytechnic,경상북도 영천시 로봇캠퍼스로 1 (화룡동),경상북도 영천시 화룡동 989,38839,2021-03-02,www.kopo.ac.kr/robot/index.do,2026-08-01T19:45:45.673Z
0003105,한국폴리텍 II 대학 화성캠퍼스,본교,기능대학,경기,사립,국민 평생 직업능력 개발법,한국폴리텍,기존,Hwaseong Campus of KOREA POLYTECHNIC,경기도 화성시 팔탄면 제암고주로 108,경기도 화성시 만세구 팔탄면 고주리 196-1,18534,1998-02-05,www.kopo.ac.kr/hwaseong,2026-08-01T19:45:45.673Z
0003139,한국에너지공과대학교,본교,대학교,전남광주,특별법법인,특별법법인,학교법인 한국에너지공과대학교,기존,Korea Institute of Energy Technology,전남광주통합특별시 나주시 켄텍길 21(빛가람동),전남광주통합특별시 나주시 빛가람동 908-1,58330,2022-03-02,www.kentech.ac.kr/,2026-08-01T19:45:45.673Z
0003157,한국폴리텍 VII 대학 진주캠퍼스,본교,기능대학,경남,사립,국민 평생 직업능력 개발법,한국폴리텍,기존,KOREAPOLYTECHNICS JINJU CAMPUS,경상남도 진주시 모덕로 299(하대동) 한국폴리텍대학 진주캠퍼스,경상남도 진주시 하대동 105,52766,1977-04-21,jinju.kopo.ac.kr,2026-08-01T19:45:45.673Z
0003163,한국폴리텍 VII 대학 동부산캠퍼스,본교,기능대학,부산,사립,국민 평생 직업능력 개발법,한국폴리텍,기존,Korea Polytechnics Dongbusan Campus,부산광역시 기장군 정관읍 산단4로 2-69,부산광역시 기장군 정관읍 달산리 938-38,46027,1972-09-01,www.kopo.ac.kr/dongbusan,2026-08-01T19:45:45.673Z
0003183,태재대학교,본교,사이버대학(대학),서울,사립,고등교육법,태재학원,기존,TAEJAE UNIVERSITY,서울특별시 종로구 창덕궁5길 22-8 (원서동),서울특별시 종로구 원서동 9-9,03051,2023-09-01,www.taejae.ac.kr,2026-08-01T19:45:45.673Z
0003193,영산대학교(해운대),본교,대학교,부산,사립,고등교육법,성심학원,기존,Youngsan University,부산광역시 해운대구 반송순환로 142 (반송동) 영산대학교 해운대캠퍼스,부산광역시 해운대구 반송동 248,48015,2005-12-21,www.ysu.ac.kr,2026-08-01T19:45:45.673Z
0003194,영산대학교(양산),제2캠퍼스,대학교,경남,사립,고등교육법,성심학원,기존,Youngsan University,경상남도 양산시 주남로 288 (주남동) 영산대학교 양산캠퍼스,경상남도 양산시 주남동 982-4,50510,2005-12-21,www.ysu.ac.kr,2026-08-01T19:45:45.673Z
0003297,국립창원대학교(거창캠퍼스),제2캠퍼스,대학교,경남,국립,고등교육법,해당없음,기존,Changwon National University,경상남도 거창군 거창읍 거창대학로 72,경상남도 거창군 거창읍 김천리 164,50147,1996-03-01,www.changwon.ac.kr,2026-08-01T19:45:45.673Z
0003298,국립창원대학교(남해캠퍼스),제3캠퍼스,대학교,경남,국립,고등교육법,해당없음,기존,Changwon National University,경상남도 남해군 남해읍 화전로78번길 30,경상남도 남해군 남해읍 남변리 162,52422,1996-03-07,www.changwon.ac.kr,2026-08-01T19:45:45.673Z
0003312,국립목포대학교(담양캠퍼스),제2캠퍼스,대학교,전남광주,국립,고등교육법,해당없음,기존,Mokpo National University,전남광주통합특별시 담양군 담양읍 죽녹원로 152,전남광주통합특별시 담양군 담양읍 향교리 262-2,57337,1946-10-31,,2026-08-01T19:45:45.673Z
0003363,강원대학교,제3캠퍼스,대학교,강원,국립,고등교육법,해당없음,기존,Kangwon National University,강원특별자치도 강릉시 죽헌길 7 (지변동),강원특별자치도 강릉시 지변동 123,25457,2007-03-01,www.kangwon.ac.kr/,2026-08-01T19:45:45.673Z
0003364,강원대학교,제4캠퍼스,대학교,강원,국립,고등교육법,해당없음,기존,Kangwon National University,강원특별자치도 원주시 흥업면 남원로 150,강원특별자치도 원주시 흥업면 흥업리 7,26403,1970-03-01,www.kangwon.ac.kr/,2026-08-01T19:45:45.673Z
